4ammoniumIon	hasBondType	single
4ammoniumIon	type	Amines
4ammoniumIon	type	NamedIndividual
Abundance	subPropertyOf	topDataProperty
Ac	hasAbundance	Abundance1
Ac	hasBoilingPoint	BoilingPoint7
Ac	hasConductivity	Conductivity1
Ac	hasDensity	Density3
Ac	hasElectronegativity	Electronegativity2
Ac	hasFamily	Family3
Ac	hasHeat	Heat1
Ac	hasIonization	Ionization2
Ac	hasMeltingPoint	MeltingPoint6
Ac	hasPeriod	Period7
Ac	hasState	StateSolid
Ac	hasWeight	Weight8
Ac	type	NamedIndividual
Ac	type	actinides
Ac	type	rareRadioactiveMetals
Acetal	hasBondType	single
Acetal	subClassOf	GroupsContainingOxygen
Acetal	type	Acetal
Acetal	type	NamedIndividual
AcylHalide	subClassOf	GroupsContainingOxygen
Ag	hasAbundance	Abundance2
Ag	hasBoilingPoint	BoilingPoint7
Ag	hasConductivity	Conductivity4
Ag	hasDensity	Density3
Ag	hasElectronAffinity	ElectronAffinity2
Ag	hasElectronegativity	Electronegativity3
Ag	hasFamily	Family11
Ag	hasHardness	Hardness2
Ag	hasHeat	Heat3
Ag	hasIonization	Ionization2
Ag	hasMeltingPoint	MeltingPoint6
Ag	hasModulus	Modulus2
Ag	hasPeriod	Period5
Ag	hasRadius	Radius2
Ag	hasState	StateSolid
Ag	hasWeight	Weight5
Ag	type	NamedIndividual
Ag	type	nobleMetals
Ag	type	transitionMetals
Al	hasAbundance	Abundance3
Al	hasBoilingPoint	BoilingPoint7
Al	hasConductivity	Conductivity3
Al	hasDensity	Density2
Al	hasElectronAffinity	ElectronAffinity2
Al	hasElectronegativity	Electronegativity3
Al	hasFamily	Family13
Al	hasHardness	Hardness3
Al	hasHeat	Heat5
Al	hasIonization	Ionization2
Al	hasMeltingPoint	MeltingPoint5
Al	hasModulus	Modulus1
Al	hasPeriod	Period3
Al	hasRadius	Radius2
Al	hasState	StateSolid
Al	hasWeight	Weight3
Al	isPartOf	Alkylaluminium
Al	type	NamedIndividual
Al	type	nonferrousLightMetals
Al	type	postTransitionMetals
Alcohol	subClassOf	GroupsContainingOxygen
Aldehyde	hasBondType	double
Aldehyde	hasBondType	single
Aldehyde	subClassOf	GroupsContainingOxygen
Aldehyde	type	Aldehyde
Aldehyde	type	NamedIndividual
Alkane	subClassOf	Hydrocarbons
Alkene	subClassOf	Hydrocarbons
Alkenyl	hasBondType	double
Alkenyl	hasBondType	single
Alkenyl	type	Alkene
Alkenyl	type	NamedIndividual
Alkyl	hasBondType	single
Alkyl	type	Alkane
Alkyl	type	NamedIndividual
Alkylaluminium	hasBondType	single
Alkylaluminium	subClassOf	GroupsContainingMetals
Alkylaluminium	type	Alkylaluminium
Alkylaluminium	type	NamedIndividual
Alkyllithium	hasBondType	single
Alkyllithium	subClassOf	GroupsContainingMetals
Alkyllithium	type	Alkyllithium
Alkyllithium	type	NamedIndividual
AlkylmagnesiumHalide	hasBondType	single
AlkylmagnesiumHalide	subClassOf	GroupsContainingMetals
AlkylmagnesiumHalide	type	AlkylmagnesiumHalide
AlkylmagnesiumHalide	type	NamedIndividual
Alkyne	subClassOf	Hydrocarbons
Alkynyl	hasBondType	single
Alkynyl	hasBondType	triple
Alkynyl	type	Alkyne
Alkynyl	type	NamedIndividual
Am	hasAbundance	Abundance1
Am	hasBoilingPoint	BoilingPoint6
Am	hasConductivity	Conductivity1
Am	hasDensity	Density3
Am	hasElectronegativity	Electronegativity2
Am	hasFamily	Family3
Am	hasIonization	Ionization2
Am	hasMeltingPoint	MeltingPoint6
Am	hasPeriod	Period7
Am	hasState	StateSolid
Am	hasWeight	Weight8
Am	type	NamedIndividual
Am	type	actinides
Am	type	rareRadioactiveMetals
Amide	subClassOf	GroupsContainingNitrogen
Amidine	hasBondType	double
Amidine	hasBondType	single
Amidine	subClassOf	GroupsContainingNitrogen
Amidine	type	Amidine
Amidine	type	NamedIndividual
Amines	subClassOf	GroupsContainingNitrogen
Ar	hasAbundance	Abundance3
Ar	hasBoilingPoint	BoilingPoint2
Ar	hasConductivity	Conductivity1
Ar	hasDensity	Density1
Ar	hasFamily	Family18
Ar	hasHeat	Heat4
Ar	hasIonization	Ionization3
Ar	hasMeltingPoint	MeltingPoint2
Ar	hasPeriod	Period3
Ar	hasRadius	Radius2
Ar	hasState	StateGas
Ar	hasWeight	Weight3
Ar	type	NamedIndividual
Ar	type	nobleGasses
As	hasAbundance	Abundance2
As	hasBoilingPoint	BoilingPoint5
As	hasConductivity	Conductivity1
As	hasDensity	Density2
As	hasElectronAffinity	ElectronAffinity2
As	hasElectronegativity	Electronegativity3
As	hasFamily	Family15
As	hasHardness	Hardness3
As	hasHeat	Heat4
As	hasIonization	Ionization2
As	hasMeltingPoint	MeltingPoint5
As	hasModulus	Modulus1
As	hasPeriod	Period4
As	hasRadius	Radius2
As	hasState	StateSolid
As	hasWeight	Weight4
As	type	NamedIndividual
As	type	metalloids
At	hasAbundance	Abundance1
At	hasBoilingPoint	BoilingPoint4
At	hasConductivity	Conductivity1
At	hasElectronAffinity	ElectronAffinity4
At	hasElectronegativity	Electronegativity4
At	hasFamily	Family17
At	hasIonization	Ionization2
At	hasMeltingPoint	MeltingPoint4
At	hasPeriod	Period6
At	hasRadius	Radius2
At	hasState	StateSolid
At	hasWeight	Weight7
At	type	NamedIndividual
At	type	metalloids
Atomic	subPropertyOf	topDataProperty
Au	hasAbundance	Abundance2
Au	hasBoilingPoint	BoilingPoint8
Au	hasConductivity	Conductivity4
Au	hasDensity	Density3
Au	hasElectronAffinity	ElectronAffinity3
Au	hasElectronegativity	Electronegativity4
Au	hasFamily	Family11
Au	hasHardness	Hardness2
Au	hasHeat	Heat2
Au	hasIonization	Ionization2
Au	hasMeltingPoint	MeltingPoint6
Au	hasModulus	Modulus3
Au	hasPeriod	Period6
Au	hasRadius	Radius2
Au	hasState	StateSolid
Au	hasWeight	Weight7
Au	type	NamedIndividual
Au	type	nobleMetals
Au	type	transitionMetals
Azide	hasBondType	double
Azide	hasBondType	single
Azide	subClassOf	GroupsContainingNitrogen
Azide	type	Azide
Azide	type	NamedIndividual
Azo	hasBondType	double
Azo	hasBondType	single
Azo	type	AzoCompound
Azo	type	NamedIndividual
AzoCompound	subClassOf	GroupsContainingNitrogen
B	hasAbundance	Abundance2
B	hasBoilingPoint	BoilingPoint8
B	hasConductivity	Conductivity1
B	hasDensity	Density2
B	hasElectronAffinity	ElectronAffinity2
B	hasElectronegativity	Electronegativity4
B	hasFamily	Family13
B	hasHeat	Heat5
B	hasIonization	Ionization2
B	hasMeltingPoint	MeltingPoint7
B	hasModulus	Modulus4
B	hasPeriod	Period2
B	hasRadius	Radius2
B	hasState	StateSolid
B	hasWeight	Weight2
B	isPartOf	Borinate
B	isPartOf	Borino
B	isPartOf	Boronate
B	isPartOf	Borono
B	type	NamedIndividual
B	type	metalloids
Ba	hasAbundance	Abundance2
Ba	hasBoilingPoint	BoilingPoint7
Ba	hasConductivity	Conductivity1
Ba	hasDensity	Density2
Ba	hasElectronAffinity	ElectronAffinity1
Ba	hasElectronegativity	Electronegativity1
Ba	hasFamily	Family2
Ba	hasHeat	Heat3
Ba	hasIonization	Ionization2
Ba	hasMeltingPoint	MeltingPoint5
Ba	hasModulus	Modulus1
Ba	hasPeriod	Period6
Ba	hasRadius	Radius3
Ba	hasState	StateSolid
Ba	hasWeight	Weight6
Ba	type	NamedIndividual
Ba	type	alkalineEarthMetals
Ba	type	nonferrousLightMetals
Be	hasAbundance	Abundance2
Be	hasBoilingPoint	BoilingPoint7
Be	hasConductivity	Conductivity3
Be	hasDensity	Density2
Be	hasElectronegativity	Electronegativity4
Be	hasFamily	Family2
Be	hasHardness	Hardness3
Be	hasHeat	Heat5
Be	hasIonization	Ionization2
Be	hasMeltingPoint	MeltingPoint7
Be	hasModulus	Modulus2
Be	hasPeriod	Period2
Be	hasRadius	Radius2
Be	hasState	StateSolid
Be	hasWeight	Weight2
Be	type	NamedIndividual
Be	type	alkalineEarthMetals
Be	type	rareLightMetal
BenzeneDerivative	subClassOf	Hydrocarbons
Bh	hasAbundance	Abundance1
Bh	hasFamily	Family7
Bh	hasPeriod	Period7
Bh	hasWeight	Weight8
Bh	type	NamedIndividual
Bh	type	transitionMetals
Bi	hasAbundance	Abundance2
Bi	hasBoilingPoint	BoilingPoint7
Bi	hasConductivity	Conductivity1
Bi	hasDensity	Density3
Bi	hasElectronAffinity	ElectronAffinity2
Bi	hasElectronegativity	Electronegativity3
Bi	hasFamily	Family15
Bi	hasHardness	Hardness3
Bi	hasHeat	Heat2
Bi	hasIonization	Ionization2
Bi	hasMeltingPoint	MeltingPoint4
Bi	hasModulus	Modulus1
Bi	hasPeriod	Period6
Bi	hasRadius	Radius2
Bi	hasState	StateSolid
Bi	hasWeight	Weight7
Bi	type	NamedIndividual
Bi	type	nonferrousHeavyMetals
Bi	type	postTransitionMetals
Bk	hasAbundance	Abundance1
Bk	hasConductivity	Conductivity1
Bk	hasDensity	Density3
Bk	hasElectronegativity	Electronegativity2
Bk	hasFamily	Family3
Bk	hasIonization	Ionization2
Bk	hasMeltingPoint	MeltingPoint6
Bk	hasPeriod	Period7
Bk	hasState	StateSolid
Bk	hasWeight	Weight8
Bk	type	NamedIndividual
Bk	type	actinides
Bk	type	rareRadioactiveMetals
BoilingPoint	subPropertyOf	topDataProperty
BoilingPoint1	domain	element
BoilingPoint1	range	element
BoilingPoint1	subPropertyOf	topObjectProperty
BoilingPoint1	type	ObjectProperty
BoilingPoint1	type	SymmetricProperty
BoilingPoint1	type	TransitiveProperty
BoilingPoint2	domain	element
BoilingPoint2	range	element
BoilingPoint2	subPropertyOf	topObjectProperty
BoilingPoint2	type	ObjectProperty
BoilingPoint2	type	SymmetricProperty
BoilingPoint2	type	TransitiveProperty
BoilingPoint3	domain	element
BoilingPoint3	range	element
BoilingPoint3	subPropertyOf	topObjectProperty
BoilingPoint3	type	ObjectProperty
BoilingPoint3	type	SymmetricProperty
BoilingPoint3	type	TransitiveProperty
BoilingPoint4	domain	element
BoilingPoint4	range	element
BoilingPoint4	subPropertyOf	topObjectProperty
BoilingPoint4	type	ObjectProperty
BoilingPoint4	type	SymmetricProperty
BoilingPoint4	type	TransitiveProperty
BoilingPoint5	domain	element
BoilingPoint5	range	element
BoilingPoint5	subPropertyOf	topObjectProperty
BoilingPoint5	type	ObjectProperty
BoilingPoint5	type	SymmetricProperty
BoilingPoint5	type	TransitiveProperty
BoilingPoint6	domain	element
BoilingPoint6	range	element
BoilingPoint6	subPropertyOf	topObjectProperty
BoilingPoint6	type	ObjectProperty
BoilingPoint6	type	SymmetricProperty
BoilingPoint6	type	TransitiveProperty
BoilingPoint7	domain	element
BoilingPoint7	range	element
BoilingPoint7	subPropertyOf	topObjectProperty
BoilingPoint7	type	ObjectProperty
BoilingPoint7	type	SymmetricProperty
BoilingPoint7	type	TransitiveProperty
BoilingPoint8	domain	element
BoilingPoint8	range	element
BoilingPoint8	subPropertyOf	topObjectProperty
BoilingPoint8	type	ObjectProperty
BoilingPoint8	type	SymmetricProperty
BoilingPoint8	type	TransitiveProperty
BoilingPoint9	domain	element
BoilingPoint9	range	element
BoilingPoint9	subPropertyOf	topObjectProperty
BoilingPoint9	type	ObjectProperty
BoilingPoint9	type	SymmetricProperty
BoilingPoint9	type	TransitiveProperty
BondType	subPropertyOf	topDataProperty
Borinate	hasBondType	single
Borinate	type	BorinicEster
Borinate	type	NamedIndividual
BorinicAcid	subClassOf	GroupsContainingBoron
BorinicEster	subClassOf	GroupsContainingBoron
Borino	hasBondType	single
Borino	type	BorinicAcid
Borino	type	NamedIndividual
Boronate	hasBondType	single
Boronate	type	BoronicEster
Boronate	type	NamedIndividual
BoronicAcid	subClassOf	GroupsContainingBoron
BoronicEster	subClassOf	GroupsContainingBoron
Borono	hasBondType	single
Borono	type	BoronicAcid
Borono	type	NamedIndividual
Br	hasAbundance	Abundance2
Br	hasBoilingPoint	BoilingPoint4
Br	hasConductivity	Conductivity1
Br	hasDensity	Density2
Br	hasElectronAffinity	ElectronAffinity4
Br	hasElectronegativity	Electronegativity4
Br	hasFamily	Family17
Br	hasHeat	Heat5
Br	hasIonization	Ionization3
Br	hasMeltingPoint	MeltingPoint4
Br	hasModulus	Modulus1
Br	hasPeriod	Period4
Br	hasRadius	Radius2
Br	hasState	StateLiquid
Br	hasWeight	Weight4
Br	isPartOf	AlkylmagnesiumHalide
Br	isPartOf	bromo
Br	isPartOf	halo
Br	type	NamedIndividual
Br	type	reactiveNonmetals
C	hasAbundance	Abundance3
C	hasBoilingPoint	BoilingPoint8
C	hasConductivity	Conductivity2
C	hasDensity	Density2
C	hasElectronAffinity	ElectronAffinity2
C	hasElectronegativity	Electronegativity4
C	hasFamily	Family14
C	hasHeat	Heat5
C	hasIonization	Ionization2
C	hasMeltingPoint	MeltingPoint9
C	hasModulus	Modulus1
C	hasPeriod	Period2
C	hasRadius	Radius1
C	hasState	StateSolid
C	hasWeight	Weight2
C	isPartOf	Acetal
C	isPartOf	Aldehyde
C	isPartOf	Alkenyl
C	isPartOf	Alkyl
C	isPartOf	Alkynyl
C	isPartOf	Amidine
C	isPartOf	Carbamate
C	isPartOf	Carboalkoxy
C	isPartOf	Carbodithio
C	isPartOf	CarbodithioicAcid
C	isPartOf	CarbonateEster
C	isPartOf	Carbonyl
C	isPartOf	CarbothioicOAcid
C	isPartOf	CarbothioicSAcid
C	isPartOf	Carboxamide
C	isPartOf	Carboxyl
C	isPartOf	Carboxylate
C	isPartOf	CarboxylicAnhydride
C	isPartOf	Cyanate
C	isPartOf	Haloformyl
C	isPartOf	Hemiacetal
C	isPartOf	Hemiketal
C	isPartOf	Imide
C	isPartOf	Isocyanate
C	isPartOf	Isonitrile
C	isPartOf	Isothiocyanate
C	isPartOf	Ketal
C	isPartOf	Methylenedioxy
C	isPartOf	Nitrile
C	isPartOf	OrthocarbonateEster
C	isPartOf	Orthoester
C	isPartOf	Oxime
C	isPartOf	Phenyl
C	isPartOf	PrimaryAldimine
C	isPartOf	PrimaryKetimine
C	isPartOf	Pyridyl
C	isPartOf	SecondaryAldimine
C	isPartOf	SecondaryKetimine
C	isPartOf	Thial
C	isPartOf	Thiocyanate
C	isPartOf	Thioketone
C	isPartOf	Thiolester
C	isPartOf	Thionoester
C	type	NamedIndividual
C	type	reactiveNonmetals
Ca	hasAbundance	Abundance3
Ca	hasBoilingPoint	BoilingPoint5
Ca	hasConductivity	Conductivity3
Ca	hasDensity	Density2
Ca	hasElectronAffinity	ElectronAffinity1
Ca	hasElectronegativity	Electronegativity1
Ca	hasFamily	Family2
Ca	hasHardness	Hardness3
Ca	hasHeat	Heat4
Ca	hasIonization	Ionization2
Ca	hasMeltingPoint	MeltingPoint5
Ca	hasModulus	Modulus1
Ca	hasPeriod	Period4
Ca	hasRadius	Radius3
Ca	hasState	StateSolid
Ca	hasWeight	Weight4
Ca	type	NamedIndividual
Ca	type	alkalineEarthMetals
Ca	type	nonferrousLightMetals
Carbamate	hasBondType	double
Carbamate	hasBondType	single
Carbamate	type	CarbamateEster
Carbamate	type	NamedIndividual
CarbamateEster	subClassOf	GroupsContainingNitrogen
Carboalkoxy	hasBondType	double
Carboalkoxy	hasBondType	single
Carboalkoxy	type	Ester
Carboalkoxy	type	NamedIndividual
Carbodithio	hasBondType	double
Carbodithio	hasBondType	single
Carbodithio	type	DithiocarboxylicAcidEster
Carbodithio	type	NamedIndividual
CarbodithioicAcid	hasBondType	double
CarbodithioicAcid	hasBondType	single
CarbodithioicAcid	type	DithiocarboxylicAcid
CarbodithioicAcid	type	NamedIndividual
Carbonate	subClassOf	GroupsContainingOxygen
CarbonateEster	hasBondType	gouble
CarbonateEster	hasBondType	single
CarbonateEster	type	Carbonate
CarbonateEster	type	NamedIndividual
Carbonyl	hasBondType	double
Carbonyl	hasBondType	single
Carbonyl	type	Ketone
Carbonyl	type	NamedIndividual
CarbothioicOAcid	hasBondType	double
CarbothioicOAcid	hasBondType	single
CarbothioicOAcid	type	NamedIndividual
CarbothioicOAcid	type	ThiocarboxylicAcid
CarbothioicSAcid	hasBondType	double
CarbothioicSAcid	hasBondType	single
CarbothioicSAcid	type	NamedIndividual
CarbothioicSAcid	type	ThiocarboxylicAcid
Carboxamide	hasBondType	double
Carboxamide	hasBondType	single
Carboxamide	type	Amide
Carboxamide	type	NamedIndividual
Carboxyl	hasBondType	double
Carboxyl	hasBondType	single
Carboxyl	type	CarboxylicAcid
Carboxyl	type	NamedIndividual
Carboxylate	hasBondType	double
Carboxylate	hasBondType	single
Carboxylate	subClassOf	GroupsContainingOxygen
Carboxylate	type	Carboxylate
Carboxylate	type	NamedIndividual
CarboxylicAcid	subClassOf	GroupsContainingOxygen
CarboxylicAnhydride	hasBondType	Double
CarboxylicAnhydride	hasBondType	single
CarboxylicAnhydride	type	NamedIndividual
CarboxylicAnhydride	type	OrganicAcidAnhydride
Cd	hasAbundance	Abundance2
Cd	hasBoilingPoint	BoilingPoint5
Cd	hasConductivity	Conductivity1
Cd	hasDensity	Density2
Cd	hasElectronegativity	Electronegativity3
Cd	hasFamily	Family12
Cd	hasHardness	Hardness3
Cd	hasHeat	Heat3
Cd	hasIonization	Ionization2
Cd	hasMeltingPoint	MeltingPoint4
Cd	hasModulus	Modulus1
Cd	hasPeriod	Period5
Cd	hasRadius	Radius2
Cd	hasState	StateSolid
Cd	hasWeight	Weight5
Cd	type	NamedIndividual
Cd	type	nonferrousHeavyMetals
Cd	type	transitionMetals
Ce	hasAbundance	Abundance2
Ce	hasBoilingPoint	BoilingPoint7
Ce	hasConductivity	Conductivity1
Ce	hasDensity	Density2
Ce	hasElectronAffinity	ElectronAffinity2
Ce	hasElectronegativity	Electronegativity2
Ce	hasFamily	Family3
Ce	hasHardness	Hardness3
Ce	hasHeat	Heat2
Ce	hasIonization	Ionization2
Ce	hasMeltingPoint	MeltingPoint6
Ce	hasModulus	Modulus1
Ce	hasPeriod	Period6
Ce	hasState	StateSolid
Ce	hasWeight	Weight6
Ce	type	NamedIndividual
Ce	type	lanthanides
Ce	type	lightRareEarthMetals
Cf	hasAbundance	Abundance1
Cf	hasDensity	Density3
Cf	hasElectronegativity	Electronegativity2
Cf	hasFamily	Family3
Cf	hasIonization	Ionization2
Cf	hasMeltingPoint	MeltingPoint6
Cf	hasPeriod	Period7
Cf	hasState	StateSolid
Cf	hasWeight	Weight8
Cf	type	NamedIndividual
Cf	type	actinides
Cf	type	rareRadioactiveMetals
Cl	hasAbundance	Abundance3
Cl	hasBoilingPoint	BoilingPoint3
Cl	hasConductivity	Conductivity1
Cl	hasDensity	Density1
Cl	hasElectronAffinity	ElectronAffinity5
Cl	hasElectronegativity	Electronegativity4
Cl	hasFamily	Family17
Cl	hasHeat	Heat4
Cl	hasIonization	Ionization3
Cl	hasMeltingPoint	MeltingPoint1
Cl	hasModulus	Modulus1
Cl	hasPeriod	Period3
Cl	hasRadius	Radius2
Cl	hasState	StateGas
Cl	hasWeight	Weight3
Cl	isPartOf	AlkylmagnesiumHalide
Cl	isPartOf	chloro
Cl	isPartOf	halo
Cl	type	NamedIndividual
Cl	type	reactiveNonmetals
Cm	hasAbundance	Abundance1
Cm	hasBoilingPoint	BoilingPoint7
Cm	hasDensity	Density3
Cm	hasElectronegativity	Electronegativity2
Cm	hasFamily	Family3
Cm	hasIonization	Ionization2
Cm	hasMeltingPoint	MeltingPoint6
Cm	hasPeriod	Period7
Cm	hasState	StateSolid
Cm	hasWeight	Weight8
Cm	type	NamedIndividual
Cm	type	actinides
Cm	type	rareRadioactiveMetals
Cn	hasAbundance	Abundance1
Cn	hasFamily	Family12
Cn	hasPeriod	Period7
Cn	hasWeight	Weight8
Cn	type	NamedIndividual
Cn	type	element
Co	hasAbundance	Abundance3
Co	hasBoilingPoint	BoilingPoint7
Co	hasConductivity	Conductivity2
Co	hasDensity	Density2
Co	hasElectronAffinity	ElectronAffinity2
Co	hasElectronegativity	Electronegativity3
Co	hasFamily	Family9
Co	hasHardness	Hardness3
Co	hasHeat	Heat4
Co	hasIonization	Ionization2
Co	hasMeltingPoint	MeltingPoint7
Co	hasModulus	Modulus3
Co	hasPeriod	Period4
Co	hasRadius	Radius2
Co	hasState	StateSolid
Co	hasWeight	Weight4
Co	type	NamedIndividual
Co	type	ferrousMetals
Co	type	nonferrousHeavyMetals
Co	type	transitionMetals
Conductivity	domain	element
Conductivity	subPropertyOf	topDataProperty
Conductivity1	domain	element
Conductivity1	range	element
Conductivity1	subPropertyOf	topObjectProperty
Conductivity1	type	ObjectProperty
Conductivity1	type	SymmetricProperty
Conductivity1	type	TransitiveProperty
Conductivity2	domain	element
Conductivity2	range	element
Conductivity2	subPropertyOf	topObjectProperty
Conductivity2	type	ObjectProperty
Conductivity2	type	SymmetricProperty
Conductivity2	type	TransitiveProperty
Conductivity3	domain	element
Conductivity3	range	element
Conductivity3	subPropertyOf	topObjectProperty
Conductivity3	type	ObjectProperty
Conductivity3	type	SymmetricProperty
Conductivity3	type	TransitiveProperty
Conductivity4	domain	element
Conductivity4	range	element
Conductivity4	subPropertyOf	topObjectProperty
Conductivity4	type	ObjectProperty
Conductivity4	type	SymmetricProperty
Conductivity4	type	TransitiveProperty
Cr	hasAbundance	Abundance3
Cr	hasBoilingPoint	BoilingPoint7
Cr	hasConductivity	Conductivity2
Cr	hasDensity	Density2
Cr	hasElectronAffinity	ElectronAffinity2
Cr	hasElectronegativity	Electronegativity3
Cr	hasFamily	Family6
Cr	hasHardness	Hardness3
Cr	hasHeat	Heat4
Cr	hasIonization	Ionization2
Cr	hasMeltingPoint	MeltingPoint7
Cr	hasModulus	Modulus3
Cr	hasPeriod	Period4
Cr	hasRadius	Radius2
Cr	hasState	StateSolid
Cr	hasWeight	Weight4
Cr	type	NamedIndividual
Cr	type	blackMetals
Cr	type	transitionMetals
Cs	hasAbundance	Abundance2
Cs	hasBoilingPoint	BoilingPoint4
Cs	hasConductivity	Conductivity1
Cs	hasDensity	Density2
Cs	hasElectronAffinity	ElectronAffinity2
Cs	hasElectronegativity	Electronegativity1
Cs	hasFamily	Family1
Cs	hasHardness	Hardness1
Cs	hasHeat	Heat3
Cs	hasIonization	Ionization1
Cs	hasMeltingPoint	MeltingPoint4
Cs	hasModulus	Modulus1
Cs	hasPeriod	Period6
Cs	hasRadius	Radius3
Cs	hasState	StateSolid
Cs	hasWeight	Weight6
Cs	type	NamedIndividual
Cs	type	alkaliMetals
Cs	type	rareLightMetal
Cu	hasAbundance	Abundance2
Cu	hasBoilingPoint	BoilingPoint7
Cu	hasConductivity	Conductivity4
Cu	hasDensity	Density2
Cu	hasElectronAffinity	ElectronAffinity2
Cu	hasElectronegativity	Electronegativity3
Cu	hasFamily	Family11
Cu	hasHardness	Hardness3
Cu	hasHeat	Heat4
Cu	hasIonization	Ionization2
Cu	hasMeltingPoint	MeltingPoint6
Cu	hasModulus	Modulus2
Cu	hasPeriod	Period4
Cu	hasRadius	Radius2
Cu	hasState	StateSolid
Cu	hasWeight	Weight4
Cu	type	NamedIndividual
Cu	type	nonferrousHeavyMetals
Cu	type	transitionMetals
Cyanate	hasBondType	single
Cyanate	hasBondType	triple
Cyanate	type	Cyanates
Cyanate	type	NamedIndividual
Cyanates	subClassOf	GroupsContainingNitrogen
Db	hasAbundance	Abundance1
Db	hasFamily	Family5
Db	hasPeriod	Period7
Db	hasWeight	Weight8
Db	type	NamedIndividual
Db	type	transitionMetals
Density	subPropertyOf	topDataProperty
Density1	domain	element
Density1	range	element
Density1	subPropertyOf	topObjectProperty
Density1	type	ObjectProperty
Density1	type	SymmetricProperty
Density1	type	TransitiveProperty
Density2	domain	element
Density2	range	element
Density2	subPropertyOf	topObjectProperty
Density2	type	ObjectProperty
Density2	type	SymmetricProperty
Density2	type	TransitiveProperty
Density3	domain	element
Density3	range	element
Density3	subPropertyOf	topObjectProperty
Density3	type	ObjectProperty
Density3	type	SymmetricProperty
Density3	type	TransitiveProperty
DiscoveredIn	subPropertyOf	topDataProperty
Disulfide	hasBondType	single
Disulfide	subClassOf	GroupsContainingSulfur
Disulfide	type	Disulfide
Disulfide	type	NamedIndividual
DithiocarboxylicAcid	subClassOf	GroupsContainingSulfur
DithiocarboxylicAcidEster	subClassOf	GroupsContainingSulfur
Ds	hasAbundance	Abundance1
Ds	hasFamily	Family10
Ds	hasPeriod	Period7
Ds	hasWeight	Weight8
Ds	type	NamedIndividual
Ds	type	element
Dy	hasAbundance	Abundance2
Dy	hasBoilingPoint	BoilingPoint7
Dy	hasConductivity	Conductivity1
Dy	hasDensity	Density2
Dy	hasElectronAffinity	ElectronAffinity2
Dy	hasElectronegativity	Electronegativity2
Dy	hasFamily	Family3
Dy	hasHardness	Hardness3
Dy	hasHeat	Heat2
Dy	hasIonization	Ionization2
Dy	hasMeltingPoint	MeltingPoint7
Dy	hasModulus	Modulus1
Dy	hasPeriod	Period6
Dy	hasRadius	Radius3
Dy	hasState	StateSolid
Dy	hasWeight	Weight6
Dy	type	NamedIndividual
Dy	type	heavyRareEarthMetals
Dy	type	lanthanides
ElectronAffinity	subPropertyOf	topDataProperty
ElectronAffinity1	domain	element
ElectronAffinity1	range	element
ElectronAffinity1	subPropertyOf	topObjectProperty
ElectronAffinity1	type	ObjectProperty
ElectronAffinity1	type	SymmetricProperty
ElectronAffinity1	type	TransitiveProperty
ElectronAffinity2	domain	element
ElectronAffinity2	range	element
ElectronAffinity2	subPropertyOf	topObjectProperty
ElectronAffinity2	type	ObjectProperty
ElectronAffinity2	type	SymmetricProperty
ElectronAffinity2	type	TransitiveProperty
ElectronAffinity3	domain	element
ElectronAffinity3	range	element
ElectronAffinity3	subPropertyOf	topObjectProperty
ElectronAffinity3	type	ObjectProperty
ElectronAffinity3	type	SymmetricProperty
ElectronAffinity3	type	TransitiveProperty
ElectronAffinity4	domain	element
ElectronAffinity4	range	element
ElectronAffinity4	subPropertyOf	topObjectProperty
ElectronAffinity4	type	ObjectProperty
ElectronAffinity4	type	SymmetricProperty
ElectronAffinity4	type	TransitiveProperty
ElectronAffinity5	domain	element
ElectronAffinity5	range	element
ElectronAffinity5	subPropertyOf	topObjectProperty
ElectronAffinity5	type	ObjectProperty
ElectronAffinity5	type	SymmetricProperty
ElectronAffinity5	type	TransitiveProperty
Electronegativity	subPropertyOf	topDataProperty
Electronegativity1	domain	element
Electronegativity1	range	element
Electronegativity1	subPropertyOf	topObjectProperty
Electronegativity1	type	ObjectProperty
Electronegativity1	type	SymmetricProperty
Electronegativity1	type	TransitiveProperty
Electronegativity2	domain	element
Electronegativity2	range	element
Electronegativity2	subPropertyOf	topObjectProperty
Electronegativity2	type	ObjectProperty
Electronegativity2	type	SymmetricProperty
Electronegativity2	type	TransitiveProperty
Electronegativity3	domain	element
Electronegativity3	range	element
Electronegativity3	subPropertyOf	topObjectProperty
Electronegativity3	type	ObjectProperty
Electronegativity3	type	SymmetricProperty
Electronegativity3	type	TransitiveProperty
Electronegativity4	domain	element
Electronegativity4	range	element
Electronegativity4	subPropertyOf	topObjectProperty
Electronegativity4	type	ObjectProperty
Electronegativity4	type	SymmetricProperty
Electronegativity4	type	TransitiveProperty
Electronegativity5	domain	element
Electronegativity5	range	element
Electronegativity5	subPropertyOf	topObjectProperty
Electronegativity5	type	ObjectProperty
Electronegativity5	type	SymmetricProperty
Electronegativity5	type	TransitiveProperty
EnergyLevels	subPropertyOf	topDataProperty
Er	hasAbundance	Abundance2
Er	hasBoilingPoint	BoilingPoint7
Er	hasConductivity	Conductivity1
Er	hasDensity	Density2
Er	hasElectronAffinity	ElectronAffinity2
Er	hasElectronegativity	Electronegativity2
Er	hasFamily	Family3
Er	hasHardness	Hardness3
Er	hasHeat	Heat2
Er	hasIonization	Ionization2
Er	hasMeltingPoint	MeltingPoint7
Er	hasModulus	Modulus1
Er	hasPeriod	Period6
Er	hasRadius	Radius3
Er	hasState	StateSolid
Er	hasWeight	Weight6
Er	type	NamedIndividual
Er	type	heavyRareEarthMetals
Er	type	lanthanides
Es	hasAbundance	Abundance1
Es	hasElectronegativity	Electronegativity2
Es	hasFamily	Family3
Es	hasIonization	Ionization2
Es	hasMeltingPoint	MeltingPoint6
Es	hasPeriod	Period7
Es	hasState	StateSolid
Es	hasWeight	Weight8
Es	type	NamedIndividual
Es	type	actinides
Es	type	rareRadioactiveMetals
Ester	subClassOf	GroupsContainingOxygen
Ether	hasBondType	single
Ether	subClassOf	GroupsContainingOxygen
Ether	type	Ether
Ether	type	NamedIndividual
Eu	hasAbundance	Abundance2
Eu	hasBoilingPoint	BoilingPoint5
Eu	hasConductivity	Conductivity1
Eu	hasDensity	Density2
Eu	hasElectronAffinity	ElectronAffinity2
Eu	hasFamily	Family3
Eu	hasHeat	Heat2
Eu	hasIonization	Ionization2
Eu	hasMeltingPoint	MeltingPoint6
Eu	hasModulus	Modulus1
Eu	hasPeriod	Period6
Eu	hasRadius	Radius3
Eu	hasState	StateSolid
Eu	hasWeight	Weight6
Eu	type	NamedIndividual
Eu	type	lanthanides
Eu	type	lightRareEarthMetals
F	hasAbundance	Abundance3
F	hasBoilingPoint	BoilingPoint2
F	hasConductivity	Conductivity1
F	hasDensity	Density1
F	hasElectronAffinity	ElectronAffinity5
F	hasFamily	Family17
F	hasHeat	Heat5
F	hasIonization	Ionization3
F	hasMeltingPoint	MeltingPoint2
F	hasPeriod	Period2
F	hasRadius	Radius1
F	hasState	StateGas
F	hasWeight	Weight2
F	isPartOf	fluoro
F	isPartOf	halo
F	type	NamedIndividual
F	type	reactiveNonmetals
Family1	domain	element
Family1	range	element
Family1	subPropertyOf	topObjectProperty
Family1	type	ObjectProperty
Family1	type	SymmetricProperty
Family1	type	TransitiveProperty
Family10	domain	element
Family10	range	element
Family10	subPropertyOf	topObjectProperty
Family10	type	ObjectProperty
Family10	type	SymmetricProperty
Family10	type	TransitiveProperty
Family11	domain	element
Family11	range	element
Family11	subPropertyOf	topObjectProperty
Family11	type	ObjectProperty
Family11	type	SymmetricProperty
Family11	type	TransitiveProperty
Family12	domain	element
Family12	range	element
Family12	subPropertyOf	topObjectProperty
Family12	type	ObjectProperty
Family12	type	SymmetricProperty
Family12	type	TransitiveProperty
Family13	domain	element
Family13	range	element
Family13	subPropertyOf	topObjectProperty
Family13	type	ObjectProperty
Family13	type	SymmetricProperty
Family13	type	TransitiveProperty
Family14	domain	element
Family14	range	element
Family14	subPropertyOf	topObjectProperty
Family14	type	ObjectProperty
Family14	type	SymmetricProperty
Family14	type	TransitiveProperty
Family15	domain	element
Family15	range	element
Family15	subPropertyOf	topObjectProperty
Family15	type	ObjectProperty
Family15	type	SymmetricProperty
Family15	type	TransitiveProperty
Family16	domain	element
Family16	range	element
Family16	subPropertyOf	topObjectProperty
Family16	type	ObjectProperty
Family16	type	SymmetricProperty
Family16	type	TransitiveProperty
Family17	domain	element
Family17	range	element
Family17	subPropertyOf	topObjectProperty
Family17	type	ObjectProperty
Family17	type	SymmetricProperty
Family17	type	TransitiveProperty
Family18	domain	element
Family18	range	element
Family18	subPropertyOf	topObjectProperty
Family18	type	ObjectProperty
Family18	type	SymmetricProperty
Family18	type	TransitiveProperty
Family2	domain	element
Family2	range	element
Family2	subPropertyOf	topObjectProperty
Family2	type	ObjectProperty
Family2	type	SymmetricProperty
Family2	type	TransitiveProperty
Family3	domain	element
Family3	range	element
Family3	subPropertyOf	topObjectProperty
Family3	type	ObjectProperty
Family3	type	SymmetricProperty
Family3	type	TransitiveProperty
Family4	domain	element
Family4	range	element
Family4	subPropertyOf	topObjectProperty
Family4	type	ObjectProperty
Family4	type	SymmetricProperty
Family4	type	TransitiveProperty
Family5	domain	element
Family5	range	element
Family5	subPropertyOf	topObjectProperty
Family5	type	ObjectProperty
Family5	type	SymmetricProperty
Family5	type	TransitiveProperty
Family6	domain	element
Family6	range	element
Family6	subPropertyOf	topObjectProperty
Family6	type	ObjectProperty
Family6	type	SymmetricProperty
Family6	type	TransitiveProperty
Family7	domain	element
Family7	range	element
Family7	subPropertyOf	topObjectProperty
Family7	type	ObjectProperty
Family7	type	SymmetricProperty
Family7	type	TransitiveProperty
Family8	domain	element
Family8	range	element
Family8	subPropertyOf	topObjectProperty
Family8	type	ObjectProperty
Family8	type	SymmetricProperty
Family8	type	TransitiveProperty
Family9	domain	element
Family9	range	element
Family9	subPropertyOf	topObjectProperty
Family9	type	ObjectProperty
Family9	type	SymmetricProperty
Family9	type	TransitiveProperty
Fe	hasAbundance	Abundance3
Fe	hasBoilingPoint	BoilingPoint7
Fe	hasConductivity	Conductivity1
Fe	hasDensity	Density2
Fe	hasElectronAffinity	ElectronAffinity2
Fe	hasElectronegativity	Electronegativity3
Fe	hasFamily	Family8
Fe	hasHardness	Hardness3
Fe	hasHeat	Heat4
Fe	hasIonization	Ionization2
Fe	hasMeltingPoint	MeltingPoint7
Fe	hasModulus	Modulus3
Fe	hasPeriod	Period4
Fe	hasRadius	Radius2
Fe	hasState	StateSolid
Fe	hasWeight	Weight4
Fe	type	NamedIndividual
Fe	type	blackMetals
Fe	type	ferrousMetals
Fe	type	transitionMetals
Fl	hasAbundance	Abundance1
Fl	hasFamily	Family14
Fl	hasPeriod	Period7
Fl	hasWeight	Weight8
Fl	type	NamedIndividual
Fl	type	element
Fm	hasAbundance	Abundance1
Fm	hasElectronegativity	Electronegativity2
Fm	hasFamily	Family3
Fm	hasIonization	Ionization2
Fm	hasMeltingPoint	MeltingPoint7
Fm	hasPeriod	Period7
Fm	hasState	StateSolid
Fm	hasWeight	Weight8
Fm	type	NamedIndividual
Fm	type	actinides
Fm	type	rareRadioactiveMetals
Fr	hasAbundance	Abundance1
Fr	hasBoilingPoint	BoilingPoint4
Fr	hasElectronegativity	Electronegativity1
Fr	hasFamily	Family1
Fr	hasIonization	Ionization1
Fr	hasMeltingPoint	MeltingPoint4
Fr	hasPeriod	Period7
Fr	hasWeight	Weight7
Fr	type	NamedIndividual
Fr	type	alkaliMetals
Fr	type	rareRadioactiveMetals
Ga	hasAbundance	Abundance2
Ga	hasBoilingPoint	BoilingPoint6
Ga	hasConductivity	Conductivity1
Ga	hasDensity	Density2
Ga	hasElectronAffinity	ElectronAffinity2
Ga	hasElectronegativity	Electronegativity3
Ga	hasFamily	Family13
Ga	hasHardness	Hardness2
Ga	hasHeat	Heat4
Ga	hasIonization	Ionization2
Ga	hasMeltingPoint	MeltingPoint4
Ga	hasPeriod	Period4
Ga	hasRadius	Radius2
Ga	hasState	StateSolid
Ga	hasWeight	Weight4
Ga	type	NamedIndividual
Ga	type	postTransitionMetals
Ga	type	rareScatteredMetals
Gd	hasAbundance	Abundance2
Gd	hasBoilingPoint	BoilingPoint7
Gd	hasConductivity	Conductivity1
Gd	hasDensity	Density2
Gd	hasElectronAffinity	ElectronAffinity2
Gd	hasElectronegativity	Electronegativity2
Gd	hasFamily	Family3
Gd	hasHeat	Heat2
Gd	hasIonization	Ionization2
Gd	hasMeltingPoint	MeltingPoint7
Gd	hasModulus	Modulus1
Gd	hasPeriod	Period6
Gd	hasRadius	Radius3
Gd	hasState	StateSolid
Gd	hasWeight	Weight6
Gd	type	NamedIndividual
Gd	type	heavyRareEarthMetals
Gd	type	lanthanides
Ge	hasAbundance	Abundance2
Ge	hasBoilingPoint	BoilingPoint7
Ge	hasConductivity	Conductivity1
Ge	hasDensity	Density2
Ge	hasElectronAffinity	ElectronAffinity2
Ge	hasElectronegativity	Electronegativity3
Ge	hasFamily	Family14
Ge	hasHeat	Heat4
Ge	hasIonization	Ionization2
Ge	hasMeltingPoint	MeltingPoint5
Ge	hasPeriod	Period4
Ge	hasRadius	Radius2
Ge	hasState	StateSolid
Ge	hasWeight	Weight4
Ge	type	NamedIndividual
Ge	type	rareScatteredMetals
GroupsContainingBoron	subClassOf	functionalGroup
GroupsContainingHalogen	subClassOf	functionalGroup
GroupsContainingMetals	subClassOf	functionalGroup
GroupsContainingNitrogen	subClassOf	functionalGroup
GroupsContainingOxygen	subClassOf	functionalGroup
GroupsContainingPhosphorus	subClassOf	functionalGroup
GroupsContainingSulfur	subClassOf	functionalGroup
H	hasAbundance	Abundance5
H	hasBoilingPoint	BoilingPoint1
H	hasConductivity	Conductivity1
H	hasDensity	Density1
H	hasElectronAffinity	ElectronAffinity2
H	hasElectronegativity	Electronegativity4
H	hasFamily	Family1
H	hasHeat	Heat6
H	hasIonization	Ionization2
H	hasMeltingPoint	MeltingPoint3
H	hasPeriod	Period1
H	hasRadius	Radius1
H	hasState	StateGas
H	hasWeight	Weight1
H	isPartOf	Acetal
H	isPartOf	Aldehyde
H	isPartOf	Alkenyl
H	isPartOf	Alkyl
H	isPartOf	Alkynyl
H	isPartOf	Borino
H	isPartOf	CarbodithioicAcid
H	isPartOf	CarbothioicOAcid
H	isPartOf	CarbothioicSAcid
H	isPartOf	Carboxyl
H	isPartOf	Hemiacetal
H	isPartOf	Hemiketal
H	isPartOf	Hydroperoxy
H	isPartOf	Hydroxyl
H	isPartOf	Methylenedioxy
H	isPartOf	Oxime
H	isPartOf	Phenyl
H	isPartOf	Phosphate
H	isPartOf	Phosphono
H	isPartOf	PrimaryAldimine
H	isPartOf	PrimaryAmine
H	isPartOf	PrimaryKetimine
H	isPartOf	Pyridyl
H	isPartOf	SecondaryAldimine
H	isPartOf	SecondaryAmine
H	isPartOf	Sulfhydryl
H	isPartOf	Sulfino
H	isPartOf	Sulfo
H	isPartOf	Thial
H	type	NamedIndividual
H	type	reactiveNonmetals
Haloformyl	hasBondType	double
Haloformyl	hasBondType	single
Haloformyl	type	AcylHalide
Haloformyl	type	NamedIndividual
Hardness	subPropertyOf	topDataProperty
Hardness1	domain	element
Hardness1	range	element
Hardness1	subPropertyOf	topObjectProperty
Hardness1	type	ObjectProperty
Hardness1	type	SymmetricProperty
Hardness1	type	TransitiveProperty
Hardness2	domain	element
Hardness2	range	element
Hardness2	subPropertyOf	topObjectProperty
Hardness2	type	ObjectProperty
Hardness2	type	SymmetricProperty
Hardness2	type	TransitiveProperty
Hardness3	domain	element
Hardness3	range	element
Hardness3	subPropertyOf	topObjectProperty
Hardness3	type	ObjectProperty
Hardness3	type	SymmetricProperty
Hardness3	type	TransitiveProperty
Hardness4	domain	element
Hardness4	range	element
Hardness4	subPropertyOf	topObjectProperty
Hardness4	type	ObjectProperty
Hardness4	type	SymmetricProperty
Hardness4	type	TransitiveProperty
He	hasAbundance	Abundance4
He	hasBoilingPoint	BoilingPoint1
He	hasConductivity	Conductivity1
He	hasDensity	Density1
He	hasFamily	Family18
He	hasHeat	Heat6
He	hasIonization	Ionization4
He	hasPeriod	Period1
He	hasRadius	Radius1
He	hasState	StateGas
He	hasWeight	Weight1
He	type	NamedIndividual
He	type	nobleGasses
Heat	subPropertyOf	topDataProperty
Heat1	domain	element
Heat1	range	element
Heat1	subPropertyOf	topObjectProperty
Heat1	type	ObjectProperty
Heat1	type	SymmetricProperty
Heat1	type	TransitiveProperty
Heat2	domain	element
Heat2	range	element
Heat2	subPropertyOf	topObjectProperty
Heat2	type	ObjectProperty
Heat2	type	SymmetricProperty
Heat2	type	TransitiveProperty
Heat3	domain	element
Heat3	range	element
Heat3	subPropertyOf	topObjectProperty
Heat3	type	ObjectProperty
Heat3	type	SymmetricProperty
Heat3	type	TransitiveProperty
Heat4	domain	element
Heat4	range	element
Heat4	subPropertyOf	topObjectProperty
Heat4	type	ObjectProperty
Heat4	type	SymmetricProperty
Heat4	type	TransitiveProperty
Heat5	domain	element
Heat5	range	element
Heat5	subPropertyOf	topObjectProperty
Heat5	type	ObjectProperty
Heat5	type	SymmetricProperty
Heat5	type	TransitiveProperty
Heat6	domain	element
Heat6	range	element
Heat6	subPropertyOf	topObjectProperty
Heat6	type	ObjectProperty
Heat6	type	SymmetricProperty
Heat6	type	TransitiveProperty
Hemiacetal	hasBondType	single
Hemiacetal	subClassOf	GroupsContainingOxygen
Hemiacetal	type	Hemiacetal
Hemiacetal	type	NamedIndividual
Hemiketal	hasBondType	single
Hemiketal	subClassOf	GroupsContainingOxygen
Hemiketal	type	Hemiketal
Hemiketal	type	NamedIndividual
Heterocycle	subClassOf	GroupsContainingOxygen
Hf	hasAbundance	Abundance2
Hf	hasBoilingPoint	BoilingPoint8
Hf	hasConductivity	Conductivity1
Hf	hasDensity	Density3
Hf	hasElectronegativity	Electronegativity2
Hf	hasFamily	Family4
Hf	hasHardness	Hardness4
Hf	hasHeat	Heat2
Hf	hasIonization	Ionization2
Hf	hasMeltingPoint	MeltingPoint8
Hf	hasModulus	Modulus2
Hf	hasPeriod	Period6
Hf	hasRadius	Radius3
Hf	hasState	StateSolid
Hf	hasWeight	Weight7
Hf	type	NamedIndividual
Hf	type	rareRefractoryMetals
Hf	type	transitionMetals
Hg	hasAbundance	Abundance2
Hg	hasBoilingPoint	BoilingPoint4
Hg	hasConductivity	Conductivity1
Hg	hasDensity	Density3
Hg	hasElectronegativity	Electronegativity3
Hg	hasFamily	Family12
Hg	hasHeat	Heat2
Hg	hasIonization	Ionization2
Hg	hasMeltingPoint	MeltingPoint1
Hg	hasModulus	Modulus1
Hg	hasPeriod	Period6
Hg	hasRadius	Radius2
Hg	hasState	StateLiquid
Hg	hasWeight	Weight7
Hg	type	NamedIndividual
Hg	type	nonferrousHeavyMetals
Hg	type	transitionMetals
Ho	hasAbundance	Abundance2
Ho	hasBoilingPoint	BoilingPoint7
Ho	hasConductivity	Conductivity1
Ho	hasDensity	Density2
Ho	hasElectronAffinity	ElectronAffinity2
Ho	hasElectronegativity	Electronegativity2
Ho	hasFamily	Family3
Ho	hasHardness	Hardness3
Ho	hasHeat	Heat2
Ho	hasIonization	Ionization2
Ho	hasMeltingPoint	MeltingPoint7
Ho	hasModulus	Modulus1
Ho	hasPeriod	Period6
Ho	hasRadius	Radius3
Ho	hasState	StateSolid
Ho	hasWeight	Weight6
Ho	type	NamedIndividual
Ho	type	heavyRareEarthMetals
Ho	type	lanthanides
Hs	hasAbundance	Abundance1
Hs	hasFamily	Family8
Hs	hasPeriod	Period7
Hs	hasWeight	Weight8
Hs	type	NamedIndividual
Hs	type	transitionMetals
Hydrocarbons	subClassOf	functionalGroup
Hydroperoxide	subClassOf	GroupsContainingOxygen
Hydroperoxy	hasBondType	single
Hydroperoxy	type	Hydroperoxide
Hydroperoxy	type	NamedIndividual
Hydroxyl	hasBondType	single
Hydroxyl	type	Alcohol
Hydroxyl	type	NamedIndividual
I	hasAbundance	Abundance2
I	hasBoilingPoint	BoilingPoint4
I	hasConductivity	Conductivity1
I	hasDensity	Density2
I	hasElectronAffinity	ElectronAffinity4
I	hasElectronegativity	Electronegativity4
I	hasFamily	Family17
I	hasHeat	Heat4
I	hasIonization	Ionization2
I	hasMeltingPoint	MeltingPoint4
I	hasModulus	Modulus1
I	hasPeriod	Period5
I	hasRadius	Radius2
I	hasState	StateSolid
I	hasWeight	Weight5
I	isPartOf	AlkylmagnesiumHalide
I	isPartOf	halo
I	isPartOf	iodo
I	type	NamedIndividual
I	type	reactiveNonmetals
Imide	hasBondType	double
Imide	hasBondType	single
Imide	subClassOf	GroupsContainingNitrogen
Imide	type	Imide
Imide	type	NamedIndividual
Imine	subClassOf	GroupsContainingNitrogen
In	hasAbundance	Abundance2
In	hasBoilingPoint	BoilingPoint6
In	hasConductivity	Conductivity1
In	hasDensity	Density2
In	hasElectronAffinity	ElectronAffinity2
In	hasElectronegativity	Electronegativity3
In	hasFamily	Family13
In	hasHardness	Hardness2
In	hasHeat	Heat3
In	hasIonization	Ionization2
In	hasMeltingPoint	MeltingPoint4
In	hasPeriod	Period5
In	hasRadius	Radius2
In	hasState	StateSolid
In	hasWeight	Weight5
In	type	NamedIndividual
In	type	postTransitionMetals
In	type	rareScatteredMetals
Ionization	subPropertyOf	topDataProperty
Ionization1	domain	element
Ionization1	range	element
Ionization1	subPropertyOf	topObjectProperty
Ionization1	type	ObjectProperty
Ionization1	type	SymmetricProperty
Ionization1	type	TransitiveProperty
Ionization2	domain	element
Ionization2	range	element
Ionization2	subPropertyOf	topObjectProperty
Ionization2	type	ObjectProperty
Ionization2	type	SymmetricProperty
Ionization2	type	TransitiveProperty
Ionization3	domain	element
Ionization3	range	element
Ionization3	subPropertyOf	topObjectProperty
Ionization3	type	ObjectProperty
Ionization3	type	SymmetricProperty
Ionization3	type	TransitiveProperty
Ionization4	domain	element
Ionization4	range	element
Ionization4	subPropertyOf	topObjectProperty
Ionization4	type	ObjectProperty
Ionization4	type	SymmetricProperty
Ionization4	type	TransitiveProperty
Ir	hasAbundance	Abundance2
Ir	hasBoilingPoint	BoilingPoint8
Ir	hasConductivity	Conductivity2
Ir	hasDensity	Density3
Ir	hasElectronAffinity	ElectronAffinity2
Ir	hasElectronegativity	Electronegativity4
Ir	hasFamily	Family9
Ir	hasHardness	Hardness4
Ir	hasHeat	Heat2
Ir	hasIonization	Ionization2
Ir	hasMeltingPoint	MeltingPoint8
Ir	hasModulus	Modulus4
Ir	hasPeriod	Period6
Ir	hasRadius	Radius2
Ir	hasState	StateSolid
Ir	hasWeight	Weight7
Ir	type	NamedIndividual
Ir	type	platinumGroupMetals
Ir	type	transitionMetals
Isocyanate	hasBondType	double
Isocyanate	hasBondType	single
Isocyanate	type	Cyanates
Isocyanate	type	NamedIndividual
Isonitrile	hasBondType	single
Isonitrile	hasBondType	triple
Isonitrile	type	NamedIndividual
Isonitrile	type	Nitrile
Isothiocyanate	hasBondType	double
Isothiocyanate	hasBondType	single
Isothiocyanate	type	NamedIndividual
Isothiocyanate	type	Thiocyanate
K	hasAbundance	Abundance3
K	hasBoilingPoint	BoilingPoint4
K	hasConductivity	Conductivity2
K	hasDensity	Density2
K	hasElectronAffinity	ElectronAffinity2
K	hasFamily	Family1
K	hasHardness	Hardness1
K	hasHeat	Heat5
K	hasIonization	Ionization1
K	hasMeltingPoint	MeltingPoint4
K	hasModulus	Modulus1
K	hasPeriod	Period4
K	hasState	StateSolid
K	hasWeight	Weight4
K	type	NamedIndividual
K	type	alkaliMetals
K	type	nonferrousLightMetals
Ketal	hasBondType	single
Ketal	subClassOf	GroupsContainingOxygen
Ketal	type	Ketal
Ketal	type	NamedIndividual
Ketone	subClassOf	GroupsContainingOxygen
Kr	hasAbundance	Abundance2
Kr	hasBoilingPoint	BoilingPoint2
Kr	hasConductivity	Conductivity1
Kr	hasDensity	Density1
Kr	hasElectronegativity	Electronegativity1
Kr	hasElectronegativity	Electronegativity4
Kr	hasFamily	Family18
Kr	hasHeat	Heat4
Kr	hasIonization	Ionization3
Kr	hasMeltingPoint	MeltingPoint2
Kr	hasPeriod	Period4
Kr	hasRadius	Radius2
Kr	hasRadius	Radius3
Kr	hasState	StateGas
Kr	hasWeight	Weight4
Kr	type	NamedIndividual
Kr	type	nobleGasses
La	hasAbundance	Abundance2
La	hasBoilingPoint	BoilingPoint7
La	hasConductivity	Conductivity1
La	hasDensity	Density2
La	hasElectronAffinity	ElectronAffinity2
La	hasElectronegativity	Electronegativity2
La	hasFamily	Family3
La	hasHardness	Hardness3
La	hasHeat	Heat2
La	hasIonization	Ionization2
La	hasMeltingPoint	MeltingPoint6
La	hasModulus	Modulus1
La	hasPeriod	Period6
La	hasState	StateSolid
La	hasWeight	Weight6
La	type	NamedIndividual
La	type	lanthanides
La	type	lightRareEarthMetals
Li	hasAbundance	Abundance2
Li	hasBoilingPoint	BoilingPoint4
Li	hasConductivity	Conductivity1
Li	hasDensity	Density2
Li	hasElectronAffinity	ElectronAffinity2
Li	hasElectronegativity	Electronegativity1
Li	hasFamily	Family1
Li	hasHeat	Heat6
Li	hasIonization	Ionization1
Li	hasMeltingPoint	MeltingPoint4
Li	hasModulus	Modulus1
Li	hasPeriod	Period2
Li	hasRadius	Radius3
Li	hasState	StateSolid
Li	hasWeight	Weight2
Li	isPartOf	Alkyllithium
Li	type	NamedIndividual
Li	type	alkaliMetals
Li	type	rareLightMetal
Lr	hasAbundance	Abundance1
Lr	hasFamily	Family3
Lr	hasIonization	Ionization1
Lr	hasMeltingPoint	MeltingPoint7
Lr	hasPeriod	Period7
Lr	hasState	StateSolid
Lr	hasWeight	Weight8
Lr	type	NamedIndividual
Lr	type	actinides
Lr	type	rareRadioactiveMetals
Lu	hasAbundance	Abundance2
Lu	hasBoilingPoint	BoilingPoint7
Lu	hasConductivity	Conductivity1
Lu	hasDensity	Density3
Lu	hasElectronAffinity	ElectronAffinity2
Lu	hasElectronegativity	Electronegativity2
Lu	hasFamily	Family3
Lu	hasHardness	Hardness3
Lu	hasHeat	Heat2
Lu	hasIonization	Ionization2
Lu	hasMeltingPoint	MeltingPoint7
Lu	hasModulus	Modulus1
Lu	hasPeriod	Period6
Lu	hasRadius	Radius3
Lu	hasState	StateSolid
Lu	hasWeight	Weight6
Lu	type	NamedIndividual
Lu	type	heavyRareEarthMetals
Lu	type	lanthanides
Lv	hasAbundance	Abundance1
Lv	hasFamily	Family16
Lv	hasPeriod	Period7
Lv	hasWeight	Weight8
Lv	type	NamedIndividual
Lv	type	element
Mc	hasAbundance	Abundance1
Mc	hasFamily	Family15
Mc	hasPeriod	Period7
Mc	hasWeight	Weight8
Mc	type	NamedIndividual
Mc	type	element
Md	hasAbundance	Abundance1
Md	hasElectronegativity	Electronegativity2
Md	hasFamily	Family3
Md	hasIonization	Ionization2
Md	hasMeltingPoint	MeltingPoint6
Md	hasPeriod	Period7
Md	hasState	StateSolid
Md	hasWeight	Weight8
Md	type	NamedIndividual
Md	type	actinides
Md	type	rareRadioactiveMetals
MeltingPoint	subPropertyOf	topDataProperty
MeltingPoint1	domain	element
MeltingPoint1	range	element
MeltingPoint1	subPropertyOf	topObjectProperty
MeltingPoint1	type	ObjectProperty
MeltingPoint1	type	SymmetricProperty
MeltingPoint1	type	TransitiveProperty
MeltingPoint2	domain	element
MeltingPoint2	range	element
MeltingPoint2	subPropertyOf	topObjectProperty
MeltingPoint2	type	ObjectProperty
MeltingPoint2	type	SymmetricProperty
MeltingPoint2	type	TransitiveProperty
MeltingPoint3	domain	element
MeltingPoint3	range	element
MeltingPoint3	subPropertyOf	topObjectProperty
MeltingPoint3	type	ObjectProperty
MeltingPoint3	type	SymmetricProperty
MeltingPoint3	type	TransitiveProperty
MeltingPoint4	domain	element
MeltingPoint4	range	element
MeltingPoint4	subPropertyOf	topObjectProperty
MeltingPoint4	type	ObjectProperty
MeltingPoint4	type	SymmetricProperty
MeltingPoint4	type	TransitiveProperty
MeltingPoint5	domain	element
MeltingPoint5	range	element
MeltingPoint5	subPropertyOf	topObjectProperty
MeltingPoint5	type	ObjectProperty
MeltingPoint5	type	SymmetricProperty
MeltingPoint5	type	TransitiveProperty
MeltingPoint6	domain	element
MeltingPoint6	range	element
MeltingPoint6	subPropertyOf	topObjectProperty
MeltingPoint6	type	ObjectProperty
MeltingPoint6	type	SymmetricProperty
MeltingPoint6	type	TransitiveProperty
MeltingPoint7	domain	element
MeltingPoint7	range	element
MeltingPoint7	subPropertyOf	topObjectProperty
MeltingPoint7	type	ObjectProperty
MeltingPoint7	type	SymmetricProperty
MeltingPoint7	type	TransitiveProperty
MeltingPoint8	domain	element
MeltingPoint8	range	element
MeltingPoint8	subPropertyOf	topObjectProperty
MeltingPoint8	type	ObjectProperty
MeltingPoint8	type	SymmetricProperty
MeltingPoint8	type	TransitiveProperty
MeltingPoint9	domain	element
MeltingPoint9	range	element
MeltingPoint9	subPropertyOf	topObjectProperty
MeltingPoint9	type	ObjectProperty
MeltingPoint9	type	SymmetricProperty
MeltingPoint9	type	TransitiveProperty
Methylenedioxy	hasBondType	single
Methylenedioxy	type	Heterocycle
Methylenedioxy	type	NamedIndividual
Mg	hasAbundance	Abundance3
Mg	hasBoilingPoint	BoilingPoint5
Mg	hasConductivity	Conductivity2
Mg	hasDensity	Density2
Mg	hasElectronegativity	Electronegativity2
Mg	hasFamily	Family2
Mg	hasHardness	Hardness3
Mg	hasHeat	Heat5
Mg	hasIonization	Ionization2
Mg	hasMeltingPoint	MeltingPoint5
Mg	hasModulus	Modulus1
Mg	hasPeriod	Period3
Mg	hasRadius	Radius3
Mg	hasState	StateSolid
Mg	hasWeight	Weight3
Mg	type	NamedIndividual
Mg	type	alkalineEarthMetals
Mg	type	nonferrousLightMetals
Mn	hasAbundance	Abundance3
Mn	hasBoilingPoint	BoilingPoint6
Mn	hasConductivity	Conductivity1
Mn	hasDensity	Density2
Mn	hasElectronegativity	Electronegativity3
Mn	hasFamily	Family7
Mn	hasHardness	Hardness3
Mn	hasHeat	Heat4
Mn	hasIonization	Ionization2
Mn	hasMeltingPoint	MeltingPoint6
Mn	hasModulus	Modulus2
Mn	hasPeriod	Period4
Mn	hasRadius	Radius2
Mn	hasState	StateSolid
Mn	hasWeight	Weight4
Mn	type	NamedIndividual
Mn	type	blackMetals
Mn	type	transitionMetals
Mo	hasAbundance	Abundance2
Mo	hasBoilingPoint	BoilingPoint8
Mo	hasConductivity	Conductivity2
Mo	hasDensity	Density3
Mo	hasElectronAffinity	ElectronAffinity2
Mo	hasElectronegativity	Electronegativity4
Mo	hasFamily	Family6
Mo	hasHardness	Hardness4
Mo	hasHeat	Heat3
Mo	hasIonization	Ionization2
Mo	hasMeltingPoint	MeltingPoint8
Mo	hasModulus	Modulus3
Mo	hasPeriod	Period5
Mo	hasRadius	Radius3
Mo	hasState	StateSolid
Mo	hasWeight	Weight5
Mo	type	NamedIndividual
Mo	type	rareRefractoryMetals
Mo	type	transitionMetals
Modulus	subPropertyOf	topDataProperty
Modulus1	domain	element
Modulus1	range	element
Modulus1	subPropertyOf	topObjectProperty
Modulus1	type	ObjectProperty
Modulus1	type	SymmetricProperty
Modulus1	type	TransitiveProperty
Modulus2	domain	element
Modulus2	range	element
Modulus2	subPropertyOf	topObjectProperty
Modulus2	type	ObjectProperty
Modulus2	type	SymmetricProperty
Modulus2	type	TransitiveProperty
Modulus3	domain	element
Modulus3	range	element
Modulus3	subPropertyOf	topObjectProperty
Modulus3	type	ObjectProperty
Modulus3	type	SymmetricProperty
Modulus3	type	TransitiveProperty
Modulus4	domain	element
Modulus4	range	element
Modulus4	subPropertyOf	topObjectProperty
Modulus4	type	ObjectProperty
Modulus4	type	SymmetricProperty
Modulus4	type	TransitiveProperty
Mt	hasAbundance	Abundance1
Mt	hasFamily	Family9
Mt	hasPeriod	Period7
Mt	hasWeight	Weight8
Mt	type	NamedIndividual
Mt	type	element
N	hasAbundance	Abundance3
N	hasBoilingPoint	BoilingPoint2
N	hasConductivity	Conductivity1
N	hasDensity	Density1
N	hasElectronAffinity	ElectronAffinity1
N	hasElectronegativity	Electronegativity4
N	hasFamily	Family15
N	hasHeat	Heat5
N	hasIonization	Ionization3
N	hasMeltingPoint	MeltingPoint2
N	hasPeriod	Period2
N	hasRadius	Radius1
N	hasState	StateGas
N	hasWeight	Weight2
N	isPartOf	4ammoniumIon
N	isPartOf	Amidine
N	isPartOf	Azide
N	isPartOf	Azo
N	isPartOf	Carbamate
N	isPartOf	Carboxamide
N	isPartOf	Cyanate
N	isPartOf	Imide
N	isPartOf	Isocyanate
N	isPartOf	Isonitrile
N	isPartOf	Isothiocyanate
N	isPartOf	Nitrate
N	isPartOf	Nitrile
N	isPartOf	Nitro
N	isPartOf	Nitroso
N	isPartOf	Nitrosooxy
N	isPartOf	Oxime
N	isPartOf	PrimaryAldimine
N	isPartOf	PrimaryAmine
N	isPartOf	PrimaryKetimine
N	isPartOf	Pyridyl
N	isPartOf	SecondaryAldimine
N	isPartOf	SecondaryAmine
N	isPartOf	SecondaryKetimine
N	isPartOf	TertiaryAmine
N	isPartOf	Thiocyanate
N	type	NamedIndividual
N	type	reactiveNonmetals
Na	hasAbundance	Abundance3
Na	hasBoilingPoint	BoilingPoint4
Na	hasConductivity	Conductivity2
Na	hasDensity	Density2
Na	hasElectronAffinity	ElectronAffinity2
Na	hasElectronegativity	Electronegativity1
Na	hasFamily	Family1
Na	hasHardness	Hardness1
Na	hasHeat	Heat5
Na	hasIonization	Ionization1
Na	hasMeltingPoint	MeltingPoint4
Na	hasModulus	Modulus1
Na	hasPeriod	Period3
Na	hasRadius	Radius3
Na	hasState	StateSolid
Na	hasWeight	Weight3
Na	type	NamedIndividual
Na	type	alkaliMetals
Na	type	nonferrousLightMetals
Name	subPropertyOf	topDataProperty
Nb	hasAbundance	Abundance2
Nb	hasBoilingPoint	BoilingPoint8
Nb	hasConductivity	Conductivity1
Nb	hasDensity	Density2
Nb	hasElectronAffinity	ElectronAffinity2
Nb	hasElectronegativity	Electronegativity3
Nb	hasFamily	Family5
Nb	hasHardness	Hardness3
Nb	hasHeat	Heat3
Nb	hasIonization	Ionization2
Nb	hasMeltingPoint	MeltingPoint8
Nb	hasModulus	Modulus3
Nb	hasPeriod	Period5
Nb	hasRadius	Radius3
Nb	hasState	StateSolid
Nb	hasWeight	Weight5
Nb	type	NamedIndividual
Nb	type	rareRefractoryMetals
Nb	type	transitionMetals
Nd	hasAbundance	Abundance2
Nd	hasBoilingPoint	BoilingPoint7
Nd	hasConductivity	Conductivity1
Nd	hasDensity	Density2
Nd	hasElectronAffinity	ElectronAffinity2
Nd	hasElectronegativity	Electronegativity2
Nd	hasFamily	Family3
Nd	hasHardness	Hardness3
Nd	hasHeat	Heat2
Nd	hasIonization	Ionization2
Nd	hasMeltingPoint	MeltingPoint6
Nd	hasModulus	Modulus1
Nd	hasPeriod	Period6
Nd	hasRadius	Radius3
Nd	hasState	StateSolid
Nd	hasWeight	Weight6
Nd	type	NamedIndividual
Nd	type	lanthanides
Nd	type	lightRareEarthMetals
Ne	hasAbundance	Abundance3
Ne	hasBoilingPoint	BoilingPoint1
Ne	hasConductivity	Conductivity1
Ne	hasDensity	Density1
Ne	hasFamily	Family18
Ne	hasHeat	Heat5
Ne	hasIonization	Ionization4
Ne	hasMeltingPoint	MeltingPoint3
Ne	hasPeriod	Period2
Ne	hasRadius	Radius1
Ne	hasState	StateGas
Ne	hasWeight	Weight2
Ne	type	NamedIndividual
Ne	type	nobleGasses
Nh	hasAbundance	Abundance1
Nh	hasFamily	Family13
Nh	hasPeriod	Period7
Nh	hasWeight	Weight8
Nh	type	NamedIndividual
Nh	type	element
Ni	hasAbundance	Abundance3
Ni	hasBoilingPoint	BoilingPoint7
Ni	hasConductivity	Conductivity1
Ni	hasDensity	Density2
Ni	hasElectronAffinity	ElectronAffinity2
Ni	hasElectronegativity	Electronegativity3
Ni	hasFamily	Family10
Ni	hasHardness	Hardness3
Ni	hasHeat	Heat4
Ni	hasIonization	Ionization2
Ni	hasMeltingPoint	MeltingPoint7
Ni	hasModulus	Modulus3
Ni	hasPeriod	Period4
Ni	hasRadius	Radius2
Ni	hasState	StateSolid
Ni	hasWeight	Weight4
Ni	type	NamedIndividual
Ni	type	ferrousMetals
Ni	type	nonferrousHeavyMetals
Ni	type	transitionMetals
Nitrate	hasBondType	double
Nitrate	hasBondType	single
Nitrate	subClassOf	GroupsContainingNitrogen
Nitrate	type	NamedIndividual
Nitrate	type	Nitrate
Nitrile	hasBondType	triple
Nitrile	subClassOf	GroupsContainingNitrogen
Nitrile	type	NamedIndividual
Nitrile	type	Nitrile
Nitrite	subClassOf	GroupsContainingNitrogen
Nitro	hasBondType	double
Nitro	hasBondType	single
Nitro	type	NamedIndividual
Nitro	type	NitroCompound
NitroCompound	subClassOf	GroupsContainingNitrogen
Nitroso	hasBondType	double
Nitroso	hasBondType	single
Nitroso	type	NamedIndividual
Nitroso	type	NitrosoCompound
NitrosoCompound	subClassOf	GroupsContainingNitrogen
Nitrosooxy	hasBondType	double
Nitrosooxy	hasBondType	single
Nitrosooxy	type	NamedIndividual
Nitrosooxy	type	Nitrite
No	hasAbundance	Abundance1
No	hasElectronegativity	Electronegativity2
No	hasFamily	Family3
No	hasIonization	Ionization2
No	hasMeltingPoint	MeltingPoint6
No	hasPeriod	Period7
No	hasState	StateSolid
No	hasWeight	Weight8
No	type	NamedIndividual
No	type	actinides
No	type	rareRadioactiveMetals
Np	hasAbundance	Abundance1
Np	hasBoilingPoint	BoilingPoint7
Np	hasConductivity	Conductivity1
Np	hasDensity	Density3
Np	hasElectronegativity	Electronegativity2
Np	hasFamily	Family3
Np	hasIonization	Ionization2
Np	hasMeltingPoint	MeltingPoint6
Np	hasPeriod	Period7
Np	hasState	StateSolid
Np	hasWeight	Weight8
Np	type	NamedIndividual
Np	type	actinides
Np	type	rareRadioactiveMetals
O	hasAbundance	Abundance3
O	hasBoilingPoint	BoilingPoint2
O	hasConductivity	Conductivity1
O	hasDensity	Density1
O	hasElectronAffinity	ElectronAffinity2
O	hasElectronegativity	Electronegativity4
O	hasFamily	Family16
O	hasHeat	Heat5
O	hasIonization	Ionization3
O	hasMeltingPoint	MeltingPoint2
O	hasPeriod	Period2
O	hasRadius	Radius1
O	hasState	StateGas
O	hasWeight	Weight2
O	isPartOf	Acetal
O	isPartOf	Aldehyde
O	isPartOf	Borinate
O	isPartOf	Borino
O	isPartOf	Boronate
O	isPartOf	Borono
O	isPartOf	Carbamate
O	isPartOf	Carboalkoxy
O	isPartOf	CarbonateEster
O	isPartOf	Carbonyl
O	isPartOf	CarbothioicOAcid
O	isPartOf	CarbothioicSAcid
O	isPartOf	Carboxamide
O	isPartOf	Carboxyl
O	isPartOf	Carboxylate
O	isPartOf	CarboxylicAnhydride
O	isPartOf	Cyanate
O	isPartOf	Ether
O	isPartOf	Haloformyl
O	isPartOf	Hemiacetal
O	isPartOf	Hemiketal
O	isPartOf	Hydroperoxy
O	isPartOf	Hydroxyl
O	isPartOf	Imide
O	isPartOf	Isocyanate
O	isPartOf	Ketal
O	isPartOf	Methylenedioxy
O	isPartOf	Nitrate
O	isPartOf	Nitro
O	isPartOf	Nitroso
O	isPartOf	Nitrosooxy
O	isPartOf	OrthocarbonateEster
O	isPartOf	Orthoester
O	isPartOf	Oxime
O	isPartOf	Peroxy
O	isPartOf	Phosphate
O	isPartOf	Phosphodiester
O	isPartOf	Phosphono
O	isPartOf	SilylEther
O	isPartOf	Sulfino
O	isPartOf	Sulfinyl
O	isPartOf	Sulfo
O	isPartOf	Sulfonate
O	isPartOf	Sulfonyl
O	isPartOf	Thiolester
O	isPartOf	Thionoester
O	type	NamedIndividual
O	type	reactiveNonmetals
Og	hasAbundance	Abundance1
Og	hasFamily	Family18
Og	hasPeriod	Period7
Og	hasWeight	Weight8
Og	type	NamedIndividual
Og	type	element
OrganicAcidAnhydride	subClassOf	GroupsContainingOxygen
OrthocarbonateEster	hasBondType	single
OrthocarbonateEster	subClassOf	GroupsContainingOxygen
OrthocarbonateEster	type	NamedIndividual
OrthocarbonateEster	type	OrthocarbonateEster
Orthoester	hasBondType	single
Orthoester	subClassOf	GroupsContainingOxygen
Orthoester	type	NamedIndividual
Orthoester	type	Orthoester
Os	hasAbundance	Abundance2
Os	hasBoilingPoint	BoilingPoint9
Os	hasConductivity	Conductivity1
Os	hasDensity	Density3
Os	hasElectronAffinity	ElectronAffinity2
Os	hasElectronegativity	Electronegativity4
Os	hasFamily	Family8
Os	hasHardness	Hardness4
Os	hasHeat	Heat2
Os	hasIonization	Ionization2
Os	hasMeltingPoint	MeltingPoint9
Os	hasPeriod	Period6
Os	hasRadius	Radius3
Os	hasState	StateSolid
Os	hasWeight	Weight7
Os	type	NamedIndividual
Os	type	nobleMetals
Os	type	transitionMetals
Oxime	hasBondType	double
Oxime	hasBondType	single
Oxime	subClassOf	GroupsContainingNitrogen
Oxime	type	NamedIndividual
Oxime	type	Oxime
P	hasAbundance	Abundance3
P	hasBoilingPoint	BoilingPoint4
P	hasConductivity	Conductivity1
P	hasDensity	Density2
P	hasElectronAffinity	ElectronAffinity2
P	hasElectronegativity	Electronegativity3
P	hasFamily	Family15
P	hasHeat	Heat5
P	hasIonization	Ionization2
P	hasMeltingPoint	MeltingPoint4
P	hasModulus	Modulus1
P	hasPeriod	Period3
P	hasRadius	Radius2
P	hasState	StateSolid
P	hasWeight	Weight3
P	isPartOf	Phosphate
P	isPartOf	Phosphino
P	isPartOf	Phosphodiester
P	isPartOf	Phosphono
P	type	NamedIndividual
P	type	reactiveNonmetals
Pa	hasAbundance	Abundance1
Pa	hasBoilingPoint	BoilingPoint7
Pa	hasConductivity	Conductivity1
Pa	hasDensity	Density3
Pa	hasElectronegativity	Electronegativity2
Pa	hasFamily	Family3
Pa	hasHeat	Heat1
Pa	hasIonization	Ionization2
Pa	hasMeltingPoint	MeltingPoint7
Pa	hasPeriod	Period7
Pa	hasState	StateSolid
Pa	hasWeight	Weight8
Pa	type	NamedIndividual
Pa	type	actinides
Pa	type	rareRadioactiveMetals
Pb	hasAbundance	Abundance2
Pb	hasBoilingPoint	BoilingPoint7
Pb	hasConductivity	Conductivity1
Pb	hasDensity	Density3
Pb	hasElectronAffinity	ElectronAffinity2
Pb	hasElectronegativity	Electronegativity4
Pb	hasFamily	Family14
Pb	hasHardness	Hardness2
Pb	hasHeat	Heat2
Pb	hasIonization	Ionization2
Pb	hasMeltingPoint	MeltingPoint4
Pb	hasModulus	Modulus1
Pb	hasPeriod	Period6
Pb	hasRadius	Radius2
Pb	hasState	StateSolid
Pb	hasWeight	Weight7
Pb	type	NamedIndividual
Pb	type	nonferrousHeavyMetals
Pb	type	postTransitionMetals
Pd	hasAbundance	Abundance2
Pd	hasBoilingPoint	BoilingPoint7
Pd	hasConductivity	Conductivity1
Pd	hasDensity	Density3
Pd	hasElectronAffinity	ElectronAffinity2
Pd	hasElectronegativity	Electronegativity4
Pd	hasFamily	Family10
Pd	hasHardness	Hardness2
Pd	hasHeat	Heat3
Pd	hasIonization	Ionization2
Pd	hasMeltingPoint	MeltingPoint7
Pd	hasModulus	Modulus3
Pd	hasPeriod	Period5
Pd	hasRadius	Radius2
Pd	hasState	StateSolid
Pd	hasWeight	Weight5
Pd	type	NamedIndividual
Pd	type	platinumGroupMetals
Pd	type	transitionMetals
Period1	domain	element
Period1	range	element
Period1	subPropertyOf	topObjectProperty
Period1	type	ObjectProperty
Period1	type	SymmetricProperty
Period1	type	TransitiveProperty
Period2	domain	element
Period2	range	element
Period2	subPropertyOf	topObjectProperty
Period2	type	ObjectProperty
Period2	type	SymmetricProperty
Period2	type	TransitiveProperty
Period3	domain	element
Period3	range	element
Period3	subPropertyOf	topObjectProperty
Period3	type	ObjectProperty
Period3	type	SymmetricProperty
Period3	type	TransitiveProperty
Period4	domain	element
Period4	range	element
Period4	subPropertyOf	topObjectProperty
Period4	type	ObjectProperty
Period4	type	SymmetricProperty
Period4	type	TransitiveProperty
Period5	domain	element
Period5	range	element
Period5	subPropertyOf	topObjectProperty
Period5	type	ObjectProperty
Period5	type	SymmetricProperty
Period5	type	TransitiveProperty
Period6	domain	element
Period6	range	element
Period6	subPropertyOf	topObjectProperty
Period6	type	ObjectProperty
Period6	type	SymmetricProperty
Period6	type	TransitiveProperty
Period7	domain	element
Period7	range	element
Period7	subPropertyOf	topObjectProperty
Period7	type	ObjectProperty
Period7	type	SymmetricProperty
Period7	type	TransitiveProperty
Peroxide	subClassOf	GroupsContainingOxygen
Peroxy	hasBondType	single
Peroxy	type	NamedIndividual
Peroxy	type	Peroxide
Phenyl	hasBondType	aromatic
Phenyl	hasBondType	single
Phenyl	type	BenzeneDerivative
Phenyl	type	NamedIndividual
Phosphate	hasBondType	double
Phosphate	hasBondType	single
Phosphate	subClassOf	GroupsContainingPhosphorus
Phosphate	type	NamedIndividual
Phosphate	type	Phosphate
Phosphine	subClassOf	GroupsContainingPhosphorus
Phosphino	hasBondType	single
Phosphino	type	NamedIndividual
Phosphino	type	Phosphine
Phosphodiester	hasBondType	double
Phosphodiester	hasBondType	single
Phosphodiester	subClassOf	GroupsContainingPhosphorus
Phosphodiester	type	NamedIndividual
Phosphodiester	type	Phosphodiester
PhosphonicAcid	subClassOf	GroupsContainingPhosphorus
Phosphono	hasBondType	double
Phosphono	hasBondType	single
Phosphono	type	NamedIndividual
Phosphono	type	PhosphonicAcid
Pm	hasAbundance	Abundance1
Pm	hasBoilingPoint	BoilingPoint7
Pm	hasConductivity	Conductivity1
Pm	hasDensity	Density2
Pm	hasElectronAffinity	ElectronAffinity2
Pm	hasFamily	Family3
Pm	hasIonization	Ionization2
Pm	hasMeltingPoint	MeltingPoint6
Pm	hasModulus	Modulus1
Pm	hasPeriod	Period6
Pm	hasRadius	Radius3
Pm	hasState	StateSolid
Pm	hasWeight	Weight6
Pm	type	NamedIndividual
Pm	type	lanthanides
Pm	type	lightRareEarthMetals
Po	hasAbundance	Abundance1
Po	hasBoilingPoint	BoilingPoint6
Po	hasDensity	Density3
Po	hasElectronAffinity	ElectronAffinity2
Po	hasElectronegativity	Electronegativity3
Po	hasFamily	Family16
Po	hasIonization	Ionization2
Po	hasMeltingPoint	MeltingPoint4
Po	hasPeriod	Period6
Po	hasRadius	Radius2
Po	hasState	StateSolid
Po	hasWeight	Weight7
Po	type	NamedIndividual
Po	type	postTransitionMetals
Po	type	rareRadioactiveMetals
Pr	hasAbundance	Abundance2
Pr	hasBoilingPoint	BoilingPoint7
Pr	hasConductivity	Conductivity1
Pr	hasDensity	Density2
Pr	hasElectronAffinity	ElectronAffinity2
Pr	hasElectronegativity	Electronegativity2
Pr	hasFamily	Family3
Pr	hasHardness	Hardness3
Pr	hasHeat	Heat2
Pr	hasIonization	Ionization2
Pr	hasMeltingPoint	MeltingPoint6
Pr	hasModulus	Modulus1
Pr	hasPeriod	Period6
Pr	hasRadius	Radius3
Pr	hasState	StateSolid
Pr	hasWeight	Weight6
Pr	type	NamedIndividual
Pr	type	lanthanides
Pr	type	lightRareEarthMetals
PrimaryAldimine	hasBondType	double
PrimaryAldimine	hasBondType	single
PrimaryAldimine	type	Imine
PrimaryAldimine	type	NamedIndividual
PrimaryAmine	hasBondType	single
PrimaryAmine	type	Amines
PrimaryAmine	type	NamedIndividual
PrimaryKetimine	hasBondType	double
PrimaryKetimine	hasBondType	single
PrimaryKetimine	type	Imine
PrimaryKetimine	type	NamedIndividual
Pt	hasAbundance	Abundance2
Pt	hasBoilingPoint	BoilingPoint8
Pt	hasConductivity	Conductivity1
Pt	hasDensity	Density3
Pt	hasElectronAffinity	ElectronAffinity3
Pt	hasElectronegativity	Electronegativity4
Pt	hasFamily	Family10
Pt	hasHeat	Heat2
Pt	hasIonization	Ionization2
Pt	hasMeltingPoint	MeltingPoint7
Pt	hasModulus	Modulus3
Pt	hasPeriod	Period6
Pt	hasRadius	Radius2
Pt	hasState	StateSolid
Pt	hasWeight	Weight7
Pt	type	NamedIndividual
Pt	type	platinumGroupMetals
Pt	type	transitionMetals
Pu	hasAbundance	Abundance1
Pu	hasBoilingPoint	BoilingPoint7
Pu	hasConductivity	Conductivity1
Pu	hasDensity	Density3
Pu	hasElectronegativity	Electronegativity2
Pu	hasFamily	Family3
Pu	hasIonization	Ionization2
Pu	hasMeltingPoint	MeltingPoint6
Pu	hasPeriod	Period7
Pu	hasState	StateSolid
Pu	hasWeight	Weight8
Pu	type	NamedIndividual
Pu	type	actinides
Pu	type	rareRadioactiveMetals
PyridineDerivative	subClassOf	GroupsContainingNitrogen
Pyridyl	hasBondType	aromatic
Pyridyl	hasBondType	single
Pyridyl	type	NamedIndividual
Pyridyl	type	PyridineDerivative
Ra	hasAbundance	Abundance1
Ra	hasBoilingPoint	BoilingPoint7
Ra	hasConductivity	Conductivity1
Ra	hasDensity	Density2
Ra	hasElectronegativity	Electronegativity1
Ra	hasFamily	Family2
Ra	hasHeat	Heat1
Ra	hasIonization	Ionization2
Ra	hasMeltingPoint	MeltingPoint5
Ra	hasPeriod	Period7
Ra	hasState	StateSolid
Ra	hasWeight	Weight7
Ra	type	NamedIndividual
Ra	type	alkalineEarthMetals
Ra	type	rareRadioactiveMetals
Radius	subPropertyOf	topDataProperty
Radius1	domain	element
Radius1	range	element
Radius1	subPropertyOf	topObjectProperty
Radius1	type	ObjectProperty
Radius1	type	SymmetricProperty
Radius1	type	TransitiveProperty
Radius2	domain	element
Radius2	range	element
Radius2	subPropertyOf	topObjectProperty
Radius2	type	ObjectProperty
Radius2	type	SymmetricProperty
Radius2	type	TransitiveProperty
Radius3	domain	element
Radius3	range	element
Radius3	subPropertyOf	topObjectProperty
Radius3	type	ObjectProperty
Radius3	type	SymmetricProperty
Radius3	type	TransitiveProperty
Rb	hasAbundance	Abundance2
Rb	hasBoilingPoint	BoilingPoint4
Rb	hasConductivity	Conductivity1
Rb	hasDensity	Density2
Rb	hasElectronAffinity	ElectronAffinity2
Rb	hasElectronegativity	Electronegativity1
Rb	hasFamily	Family1
Rb	hasHardness	Hardness1
Rb	hasHeat	Heat3
Rb	hasIonization	Ionization1
Rb	hasMeltingPoint	MeltingPoint4
Rb	hasModulus	Modulus1
Rb	hasPeriod	Period5
Rb	hasRadius	Radius3
Rb	hasState	StateSolid
Rb	hasWeight	Weight5
Rb	type	NamedIndividual
Rb	type	alkaliMetals
Rb	type	rareLightMetal
Re	hasAbundance	Abundance2
Re	hasBoilingPoint	BoilingPoint9
Re	hasConductivity	Conductivity1
Re	hasDensity	Density3
Re	hasElectronAffinity	ElectronAffinity1
Re	hasElectronegativity	Electronegativity3
Re	hasFamily	Family7
Re	hasHardness	Hardness4
Re	hasHeat	Heat2
Re	hasIonization	Ionization2
Re	hasMeltingPoint	MeltingPoint9
Re	hasModulus	Modulus4
Re	hasPeriod	Period6
Re	hasRadius	Radius3
Re	hasState	StateSolid
Re	hasWeight	Weight7
Re	type	NamedIndividual
Re	type	rareRefractoryMetals
Re	type	transitionMetals
Rf	hasAbundance	Abundance1
Rf	hasFamily	Family4
Rf	hasIonization	Ionization2
Rf	hasPeriod	Period7
Rf	type	NamedIndividual
Rf	type	transitionMetals
Rg	hasAbundance	Abundance1
Rg	hasFamily	Family11
Rg	hasPeriod	Period7
Rg	hasWeight	Weight8
Rg	type	NamedIndividual
Rg	type	element
Rh	hasAbundance	Abundance2
Rh	hasBoilingPoint	BoilingPoint8
Rh	hasConductivity	Conductivity2
Rh	hasDensity	Density3
Rh	hasElectronAffinity	ElectronAffinity2
Rh	hasElectronegativity	Electronegativity4
Rh	hasFamily	Family9
Rh	hasHardness	Hardness4
Rh	hasHeat	Heat3
Rh	hasIonization	Ionization2
Rh	hasMeltingPoint	MeltingPoint7
Rh	hasModulus	Modulus4
Rh	hasPeriod	Period5
Rh	hasRadius	Radius2
Rh	hasState	StateSolid
Rh	hasWeight	Weight5
Rh	type	NamedIndividual
Rh	type	platinumGroupMetals
Rh	type	transitionMetals
Rn	hasAbundance	Abundance1
Rn	hasBoilingPoint	BoilingPoint3
Rn	hasConductivity	Conductivity1
Rn	hasDensity	Density1
Rn	hasFamily	Family18
Rn	hasHeat	Heat1
Rn	hasIonization	Ionization3
Rn	hasMeltingPoint	MeltingPoint1
Rn	hasPeriod	Period6
Rn	hasRadius	Radius2
Rn	hasState	StateGas
Rn	hasWeight	Weight7
Rn	type	NamedIndividual
Rn	type	nobleGasses
Ru	hasAbundance	Abundance2
Ru	hasBoilingPoint	BoilingPoint8
Ru	hasConductivity	Conductivity2
Ru	hasDensity	Density3
Ru	hasElectronAffinity	ElectronAffinity2
Ru	hasElectronegativity	Electronegativity4
Ru	hasFamily	Family8
Ru	hasHardness	Hardness4
Ru	hasHeat	Heat3
Ru	hasIonization	Ionization2
Ru	hasMeltingPoint	MeltingPoint8
Ru	hasModulus	Modulus3
Ru	hasPeriod	Period5
Ru	hasRadius	Radius3
Ru	hasState	StateSolid
Ru	hasWeight	Weight5
Ru	type	NamedIndividual
Ru	type	nobleMetals
Ru	type	transitionMetals
S	hasAbundance	Abundance3
S	hasBoilingPoint	BoilingPoint4
S	hasConductivity	Conductivity1
S	hasDensity	Density2
S	hasElectronAffinity	ElectronAffinity2
S	hasElectronegativity	Electronegativity4
S	hasFamily	Family16
S	hasHeat	Heat5
S	hasIonization	Ionization2
S	hasMeltingPoint	MeltingPoint4
S	hasModulus	Modulus1
S	hasPeriod	Period3
S	hasRadius	Radius2
S	hasState	StateSolid
S	hasWeight	Weight3
S	isPartOf	Carbodithio
S	isPartOf	CarbodithioicAcid
S	isPartOf	CarbothioicOAcid
S	isPartOf	CarbothioicSAcid
S	isPartOf	Disulfide
S	isPartOf	Isothiocyanate
S	isPartOf	Sulfhydryl
S	isPartOf	Sulfide
S	isPartOf	Sulfino
S	isPartOf	Sulfinyl
S	isPartOf	Sulfo
S	isPartOf	Sulfonate
S	isPartOf	Sulfonyl
S	isPartOf	Thial
S	isPartOf	Thiocyanate
S	isPartOf	Thioketone
S	isPartOf	Thiolester
S	isPartOf	Thionoester
S	type	NamedIndividual
S	type	reactiveNonmetals
Sb	hasAbundance	Abundance2
Sb	hasBoilingPoint	BoilingPoint7
Sb	hasConductivity	Conductivity1
Sb	hasDensity	Density2
Sb	hasElectronAffinity	ElectronAffinity2
Sb	hasElectronegativity	Electronegativity3
Sb	hasFamily	Family15
Sb	hasHardness	Hardness3
Sb	hasHeat	Heat3
Sb	hasIonization	Ionization2
Sb	hasMeltingPoint	MeltingPoint5
Sb	hasModulus	Modulus1
Sb	hasPeriod	Period5
Sb	hasRadius	Radius2
Sb	hasState	StateSolid
Sb	hasWeight	Weight5
Sb	type	NamedIndividual
Sb	type	nonferrousHeavyMetals
Sc	hasAbundance	Abundance2
Sc	hasBoilingPoint	BoilingPoint7
Sc	hasConductivity	Conductivity1
Sc	hasDensity	Density2
Sc	hasElectronAffinity	ElectronAffinity2
Sc	hasElectronegativity	Electronegativity2
Sc	hasFamily	Family3
Sc	hasHardness	Hardness3
Sc	hasHeat	Heat4
Sc	hasIonization	Ionization2
Sc	hasMeltingPoint	MeltingPoint7
Sc	hasModulus	Modulus1
Sc	hasPeriod	Period4
Sc	hasRadius	Radius3
Sc	hasState	StateSolid
Sc	hasWeight	Weight4
Sc	type	NamedIndividual
Sc	type	heavyRareEarthMetals
Sc	type	transitionMetals
Se	hasAbundance	Abundance2
Se	hasBoilingPoint	BoilingPoint5
Se	hasConductivity	Conductivity1
Se	hasDensity	Density2
Se	hasElectronAffinity	ElectronAffinity2
Se	hasElectronegativity	Electronegativity4
Se	hasFamily	Family16
Se	hasHardness	Hardness3
Se	hasHeat	Heat4
Se	hasIonization	Ionization2
Se	hasMeltingPoint	MeltingPoint4
Se	hasModulus	Modulus1
Se	hasPeriod	Period4
Se	hasRadius	Radius2
Se	hasState	StateSolid
Se	hasWeight	Weight4
Se	type	NamedIndividual
Se	type	reactiveNonmetals
SecondaryAldimine	hasBondType	double
SecondaryAldimine	hasBondType	single
SecondaryAldimine	type	Imine
SecondaryAldimine	type	NamedIndividual
SecondaryAmine	hasBondType	single
SecondaryAmine	type	Amines
SecondaryAmine	type	NamedIndividual
SecondaryKetimine	hasBondType	double
SecondaryKetimine	hasBondType	single
SecondaryKetimine	type	Imine
SecondaryKetimine	type	NamedIndividual
Sg	hasAbundance	Abundance1
Sg	hasFamily	Family6
Sg	hasPeriod	Period7
Sg	hasWeight	Weight8
Sg	type	NamedIndividual
Sg	type	transitionMetals
Si	hasAbundance	Abundance3
Si	hasBoilingPoint	BoilingPoint7
Si	hasConductivity	Conductivity2
Si	hasDensity	Density2
Si	hasElectronAffinity	ElectronAffinity2
Si	hasElectronegativity	Electronegativity3
Si	hasFamily	Family14
Si	hasHeat	Heat5
Si	hasIonization	Ionization2
Si	hasMeltingPoint	MeltingPoint7
Si	hasModulus	Modulus2
Si	hasPeriod	Period3
Si	hasRadius	Radius2
Si	hasState	StateSolid
Si	hasWeight	Weight3
Si	isPartOf	SilylEther
Si	type	NamedIndividual
Si	type	metalloids
SilylEther	hasBondType	single
SilylEther	subClassOf	GroupsContainingMetals
SilylEther	type	NamedIndividual
SilylEther	type	SilylEther
Sm	hasAbundance	Abundance2
Sm	hasBoilingPoint	BoilingPoint5
Sm	hasConductivity	Conductivity1
Sm	hasDensity	Density2
Sm	hasElectronAffinity	ElectronAffinity2
Sm	hasElectronegativity	Electronegativity2
Sm	hasFamily	Family3
Sm	hasHardness	Hardness3
Sm	hasHeat	Heat2
Sm	hasIonization	Ionization2
Sm	hasMeltingPoint	MeltingPoint6
Sm	hasModulus	Modulus1
Sm	hasPeriod	Period6
Sm	hasRadius	Radius3
Sm	hasState	StateSolid
Sm	hasWeight	Weight6
Sm	type	NamedIndividual
Sm	type	lanthanides
Sm	type	lightRareEarthMetals
Sn	hasAbundance	Abundance2
Sn	hasBoilingPoint	BoilingPoint7
Sn	hasConductivity	Conductivity1
Sn	hasDensity	Density2
Sn	hasElectronAffinity	ElectronAffinity2
Sn	hasElectronegativity	Electronegativity3
Sn	hasFamily	Family14
Sn	hasHardness	Hardness2
Sn	hasHeat	Heat3
Sn	hasIonization	Ionization2
Sn	hasMeltingPoint	MeltingPoint4
Sn	hasModulus	Modulus1
Sn	hasPeriod	Period5
Sn	hasRadius	Radius2
Sn	hasState	StateSolid
Sn	hasWeight	Weight5
Sn	type	NamedIndividual
Sn	type	nonferrousHeavyMetals
Sn	type	postTransitionMetals
Sr	hasAbundance	Abundance2
Sr	hasBoilingPoint	BoilingPoint5
Sr	hasConductivity	Conductivity1
Sr	hasDensity	Density2
Sr	hasElectronAffinity	ElectronAffinity1
Sr	hasElectronegativity	Electronegativity1
Sr	hasFamily	Family2
Sr	hasHeat	Heat3
Sr	hasIonization	Ionization2
Sr	hasMeltingPoint	MeltingPoint5
Sr	hasPeriod	Period5
Sr	hasRadius	Radius3
Sr	hasState	StateSolid
Sr	hasWeight	Weight5
Sr	type	NamedIndividual
Sr	type	alkalineEarthMetals
Sr	type	nonferrousLightMetals
State	subPropertyOf	topDataProperty
StateGas	domain	element
StateGas	range	element
StateGas	subPropertyOf	topObjectProperty
StateGas	type	ObjectProperty
StateGas	type	SymmetricProperty
StateGas	type	TransitiveProperty
StateLiquid	domain	element
StateLiquid	range	element
StateLiquid	subPropertyOf	topObjectProperty
StateLiquid	type	AnnotationProperty
StateLiquid	type	ObjectProperty
StateLiquid	type	SymmetricProperty
StateLiquid	type	TransitiveProperty
StateSolid	domain	element
StateSolid	range	element
StateSolid	subPropertyOf	topObjectProperty
StateSolid	type	AnnotationProperty
StateSolid	type	ObjectProperty
StateSolid	type	SymmetricProperty
StateSolid	type	TransitiveProperty
Sulfhydryl	hasBondType	single
Sulfhydryl	type	NamedIndividual
Sulfhydryl	type	Thiol
Sulfide	hasBondType	single
Sulfide	subClassOf	GroupsContainingSulfur
Sulfide	type	NamedIndividual
Sulfide	type	Sulfide
SulfinicAcid	subClassOf	GroupsContainingSulfur
Sulfino	hasBondType	double
Sulfino	hasBondType	single
Sulfino	type	NamedIndividual
Sulfino	type	SulfinicAcid
Sulfinyl	hasBondType	double
Sulfinyl	hasBondType	single
Sulfinyl	type	NamedIndividual
Sulfinyl	type	Sulfoxide
Sulfo	hasBondType	double
Sulfo	hasBondType	single
Sulfo	type	NamedIndividual
Sulfo	type	SulfonicAcid
Sulfoate	hasBondType	double
Sulfoate	hasBondType	single
Sulfoate	type	NamedIndividual
Sulfoate	type	SulfonateEster
Sulfonate	type	NamedIndividual
SulfonateEster	subClassOf	GroupsContainingSulfur
Sulfone	subClassOf	GroupsContainingSulfur
SulfonicAcid	subClassOf	GroupsContainingSulfur
Sulfonyl	hasBondType	double
Sulfonyl	hasBondType	single
Sulfonyl	type	NamedIndividual
Sulfonyl	type	Sulfone
Sulfoxide	subClassOf	GroupsContainingSulfur
Ta	hasAbundance	Abundance2
Ta	hasBoilingPoint	BoilingPoint9
Ta	hasConductivity	Conductivity1
Ta	hasDensity	Density3
Ta	hasElectronAffinity	ElectronAffinity2
Ta	hasElectronegativity	Electronegativity3
Ta	hasFamily	Family5
Ta	hasHardness	Hardness3
Ta	hasHeat	Heat2
Ta	hasIonization	Ionization2
Ta	hasMeltingPoint	MeltingPoint9
Ta	hasModulus	Modulus3
Ta	hasPeriod	Period6
Ta	hasRadius	Radius3
Ta	hasState	StateSolid
Ta	hasWeight	Weight7
Ta	type	NamedIndividual
Ta	type	rareRefractoryMetals
Ta	type	transitionMetals
Tb	hasAbundance	Abundance2
Tb	hasBoilingPoint	BoilingPoint7
Tb	hasConductivity	Conductivity1
Tb	hasDensity	Density2
Tb	hasElectronAffinity	ElectronAffinity2
Tb	hasFamily	Family3
Tb	hasHardness	Hardness3
Tb	hasHeat	Heat2
Tb	hasIonization	Ionization2
Tb	hasMeltingPoint	MeltingPoint7
Tb	hasModulus	Modulus1
Tb	hasPeriod	Period6
Tb	hasRadius	Radius3
Tb	hasState	StateSolid
Tb	hasWeight	Weight6
Tb	type	NamedIndividual
Tb	type	heavyRareEarthMetals
Tb	type	lanthanides
Tc	hasAbundance	Abundance2
Tc	hasBoilingPoint	BoilingPoint8
Tc	hasConductivity	Conductivity1
Tc	hasDensity	Density3
Tc	hasElectronAffinity	ElectronAffinity2
Tc	hasElectronegativity	Electronegativity3
Tc	hasFamily	Family7
Tc	hasHeat	Heat1
Tc	hasIonization	Ionization2
Tc	hasMeltingPoint	MeltingPoint8
Tc	hasPeriod	Period5
Tc	hasRadius	Radius3
Tc	hasState	StateSolid
Tc	hasWeight	Weight5
Tc	type	NamedIndividual
Tc	type	rareRadioactiveMetals
Tc	type	transitionMetals
Te	hasAbundance	Abundance2
Te	hasBoilingPoint	BoilingPoint6
Te	hasConductivity	Conductivity1
Te	hasDensity	Density2
Te	hasElectronAffinity	ElectronAffinity2
Te	hasElectronegativity	Electronegativity3
Te	hasFamily	Family16
Te	hasHardness	Hardness3
Te	hasHeat	Heat3
Te	hasIonization	Ionization2
Te	hasMeltingPoint	MeltingPoint5
Te	hasModulus	Modulus1
Te	hasPeriod	Period5
Te	hasRadius	Radius2
Te	hasState	StateSolid
Te	hasWeight	Weight5
Te	type	NamedIndividual
Te	type	metalloids
TertiaryAmine	hasBondType	single
TertiaryAmine	type	Amines
TertiaryAmine	type	NamedIndividual
Th	hasAbundance	Abundance2
Th	hasBoilingPoint	BoilingPoint8
Th	hasConductivity	Conductivity1
Th	hasDensity	Density3
Th	hasElectronegativity	Electronegativity2
Th	hasFamily	Family3
Th	hasHardness	Hardness3
Th	hasHeat	Heat1
Th	hasIonization	Ionization2
Th	hasMeltingPoint	MeltingPoint7
Th	hasModulus	Modulus1
Th	hasPeriod	Period7
Th	hasState	StateSolid
Th	hasWeight	Weight8
Th	type	NamedIndividual
Th	type	actinides
Th	type	rareRadioactiveMetals
Thial	hasBondType	double
Thial	hasBondType	single
Thial	subClassOf	GroupsContainingSulfur
Thial	type	NamedIndividual
Thial	type	Thial
ThiocarboxylicAcid	subClassOf	GroupsContainingSulfur
Thiocyanate	hasBondType	single
Thiocyanate	hasBondType	triple
Thiocyanate	subClassOf	GroupsContainingSulfur
Thiocyanate	type	NamedIndividual
Thiocyanate	type	Thiocyanate
Thioester	subClassOf	GroupsContainingSulfur
Thioketone	hasBondType	double
Thioketone	hasBondType	single
Thioketone	subClassOf	GroupsContainingSulfur
Thioketone	type	NamedIndividual
Thioketone	type	Thioketone
Thiol	subClassOf	GroupsContainingSulfur
Thiolester	hasBondType	double
Thiolester	hasBondType	single
Thiolester	type	NamedIndividual
Thiolester	type	Thioester
Thionoester	hasBondType	double
Thionoester	hasBondType	single
Thionoester	type	NamedIndividual
Thionoester	type	Thioester
Ti	hasAbundance	Abundance3
Ti	hasBoilingPoint	BoilingPoint7
Ti	hasConductivity	Conductivity1
Ti	hasDensity	Density2
Ti	hasElectronAffinity	ElectronAffinity1
Ti	hasElectronegativity	Electronegativity2
Ti	hasFamily	Family4
Ti	hasHardness	Hardness3
Ti	hasHeat	Heat4
Ti	hasIonization	Ionization2
Ti	hasMeltingPoint	MeltingPoint7
Ti	hasModulus	Modulus2
Ti	hasPeriod	Period4
Ti	hasRadius	Radius2
Ti	hasState	StateSolid
Ti	hasWeight	Weight4
Ti	type	NamedIndividual
Ti	type	rareLightMetal
Ti	type	transitionMetals
Tl	hasAbundance	Abundance2
Tl	hasBoilingPoint	BoilingPoint6
Tl	hasConductivity	Conductivity1
Tl	hasDensity	Density3
Tl	hasElectronAffinity	ElectronAffinity1
Tl	hasElectronegativity	Electronegativity3
Tl	hasFamily	Family13
Tl	hasHardness	Hardness2
Tl	hasHeat	Heat2
Tl	hasIonization	Ionization2
Tl	hasMeltingPoint	MeltingPoint4
Tl	hasModulus	Modulus1
Tl	hasPeriod	Period6
Tl	hasRadius	Radius2
Tl	hasState	StateSolid
Tl	hasWeight	Weight7
Tl	type	NamedIndividual
Tl	type	postTransitionMetals
Tl	type	rareScatteredMetals
Tm	hasAbundance	Abundance2
Tm	hasBoilingPoint	BoilingPoint7
Tm	hasConductivity	Conductivity1
Tm	hasDensity	Density3
Tm	hasElectronAffinity	ElectronAffinity2
Tm	hasElectronegativity	Electronegativity2
Tm	hasFamily	Family3
Tm	hasHardness	Hardness3
Tm	hasHeat	Heat2
Tm	hasIonization	Ionization2
Tm	hasMeltingPoint	MeltingPoint7
Tm	hasModulus	Modulus1
Tm	hasPeriod	Period6
Tm	hasRadius	Radius3
Tm	hasState	StateSolid
Tm	hasWeight	Weight6
Tm	type	NamedIndividual
Tm	type	heavyRareEarthMetals
Tm	type	lanthanides
Ts	hasAbundance	Abundance1
Ts	hasFamily	Family17
Ts	hasPeriod	Period7
Ts	hasWeight	Weight8
Ts	type	NamedIndividual
Ts	type	element
U	hasAbundance	Abundance2
U	hasBoilingPoint	BoilingPoint7
U	hasConductivity	Conductivity1
U	hasDensity	Density3
U	hasElectronegativity	Electronegativity2
U	hasFamily	Family3
U	hasHardness	Hardness3
U	hasHeat	Heat1
U	hasIonization	Ionization2
U	hasMeltingPoint	MeltingPoint6
U	hasModulus	Modulus2
U	hasPeriod	Period7
U	hasState	StateSolid
U	hasWeight	Weight8
U	type	NamedIndividual
U	type	actinides
U	type	rareRadioactiveMetals
V	hasAbundance	Abundance3
V	hasBoilingPoint	BoilingPoint7
V	hasConductivity	Conductivity1
V	hasDensity	Density2
V	hasElectronAffinity	ElectronAffinity2
V	hasElectronegativity	Electronegativity3
V	hasFamily	Family5
V	hasHardness	Hardness3
V	hasHeat	Heat4
V	hasIonization	Ionization2
V	hasMeltingPoint	MeltingPoint7
V	hasModulus	Modulus3
V	hasPeriod	Period4
V	hasRadius	Radius2
V	hasState	StateSolid
V	hasWeight	Weight4
V	type	NamedIndividual
V	type	rareRefractoryMetals
V	type	transitionMetals
W	hasAbundance	Abundance2
W	hasBoilingPoint	BoilingPoint9
W	hasConductivity	Conductivity3
W	hasDensity	Density3
W	hasElectronAffinity	ElectronAffinity2
W	hasElectronegativity	Electronegativity4
W	hasFamily	Family6
W	hasHardness	Hardness4
W	hasHeat	Heat2
W	hasIonization	Ionization2
W	hasMeltingPoint	MeltingPoint9
W	hasModulus	Modulus4
W	hasPeriod	Period6
W	hasRadius	Radius3
W	hasState	StateSolid
W	hasWeight	Weight7
W	type	NamedIndividual
W	type	rareRefractoryMetals
W	type	transitionMetals
Weight	domain	element
Weight	subPropertyOf	topDataProperty
Weight1	domain	element
Weight1	range	element
Weight1	subPropertyOf	topObjectProperty
Weight1	type	ObjectProperty
Weight1	type	SymmetricProperty
Weight1	type	TransitiveProperty
Weight2	domain	element
Weight2	range	element
Weight2	subPropertyOf	topObjectProperty
Weight2	type	ObjectProperty
Weight2	type	SymmetricProperty
Weight2	type	TransitiveProperty
Weight3	domain	element
Weight3	range	element
Weight3	subPropertyOf	topObjectProperty
Weight3	type	ObjectProperty
Weight3	type	SymmetricProperty
Weight3	type	TransitiveProperty
Weight4	domain	element
Weight4	range	element
Weight4	subPropertyOf	topObjectProperty
Weight4	type	ObjectProperty
Weight4	type	SymmetricProperty
Weight4	type	TransitiveProperty
Weight5	domain	element
Weight5	range	element
Weight5	subPropertyOf	topObjectProperty
Weight5	type	ObjectProperty
Weight5	type	SymmetricProperty
Weight5	type	TransitiveProperty
Weight6	domain	element
Weight6	range	element
Weight6	subPropertyOf	topObjectProperty
Weight6	type	ObjectProperty
Weight6	type	SymmetricProperty
Weight6	type	TransitiveProperty
Weight7	domain	element
Weight7	range	element
Weight7	subPropertyOf	topObjectProperty
Weight7	type	ObjectProperty
Weight7	type	SymmetricProperty
Weight7	type	TransitiveProperty
Weight8	domain	element
Weight8	range	element
Weight8	subPropertyOf	topObjectProperty
Weight8	type	ObjectProperty
Weight8	type	SymmetricProperty
Weight8	type	TransitiveProperty
Xe	hasAbundance	Abundance2
Xe	hasBoilingPoint	BoilingPoint2
Xe	hasConductivity	Conductivity1
Xe	hasDensity	Density1
Xe	hasElectronegativity	Electronegativity4
Xe	hasFamily	Family18
Xe	hasHeat	Heat3
Xe	hasIonization	Ionization3
Xe	hasMeltingPoint	MeltingPoint1
Xe	hasPeriod	Period5
Xe	hasRadius	Radius2
Xe	hasState	StateGas
Xe	hasWeight	Weight5
Xe	type	NamedIndividual
Xe	type	nobleGasses
Y	hasAbundance	Abundance2
Y	hasBoilingPoint	BoilingPoint7
Y	hasConductivity	Conductivity1
Y	hasDensity	Density2
Y	hasElectronAffinity	ElectronAffinity2
Y	hasElectronegativity	Electronegativity2
Y	hasFamily	Family3
Y	hasHardness	Hardness3
Y	hasHeat	Heat3
Y	hasIonization	Ionization2
Y	hasMeltingPoint	MeltingPoint7
Y	hasModulus	Modulus1
Y	hasPeriod	Period5
Y	hasRadius	Radius3
Y	hasState	StateSolid
Y	type	NamedIndividual
Y	type	heavyRareEarthMetals
Yb	hasAbundance	Abundance2
Yb	hasBoilingPoint	BoilingPoint5
Yb	hasConductivity	Conductivity1
Yb	hasDensity	Density2
Yb	hasElectronAffinity	ElectronAffinity2
Yb	hasFamily	Family3
Yb	hasHardness	Hardness3
Yb	hasHeat	Heat2
Yb	hasIonization	Ionization2
Yb	hasMeltingPoint	MeltingPoint6
Yb	hasModulus	Modulus1
Yb	hasPeriod	Period6
Yb	hasRadius	Radius3
Yb	hasState	StateSolid
Yb	hasWeight	Weight5
Yb	hasWeight	Weight6
Yb	type	NamedIndividual
Yb	type	heavyRareEarthMetals
Yb	type	lanthanides
Zn	hasAbundance	Abundance2
Zn	hasBoilingPoint	BoilingPoint5
Zn	hasConductivity	Conductivity2
Zn	hasDensity	Density2
Zn	hasElectronegativity	Electronegativity3
Zn	hasFamily	Family12
Zn	hasHardness	Hardness3
Zn	hasHeat	Heat4
Zn	hasIonization	Ionization2
Zn	hasMeltingPoint	MeltingPoint4
Zn	hasModulus	Modulus1
Zn	hasPeriod	Period4
Zn	hasRadius	Radius2
Zn	hasState	StateSolid
Zn	hasWeight	Weight4
Zn	type	NamedIndividual
Zn	type	nonferrousHeavyMetals
Zn	type	transitionMetals
Zr	hasAbundance	Abundance2
Zr	hasBoilingPoint	BoilingPoint8
Zr	hasConductivity	Conductivity1
Zr	hasDensity	Density2
Zr	hasElectronAffinity	ElectronAffinity2
Zr	hasElectronegativity	Electronegativity2
Zr	hasFamily	Family4
Zr	hasHardness	Hardness3
Zr	hasHeat	Heat3
Zr	hasIonization	Ionization2
Zr	hasMeltingPoint	MeltingPoint7
Zr	hasPeriod	Period5
Zr	hasRadius	Radius3
Zr	hasState	StateSolid
Zr	hasWeight	Weight5
Zr	type	NamedIndividual
Zr	type	rareRefractoryMetals
actinides	subClassOf	metals
alkaliMetals	subClassOf	metals
alkalineEarthMetals	subClassOf	metals
blackMetals	disjointWith	nonferrousMetals
blackMetals	subClassOf	metals
bromo	hasBondType	single
bromo	type	NamedIndividual
bromo	type	bromoalkane
bromoalkane	subClassOf	GroupsContainingHalogen
chloro	hasBondType	single
chloro	type	NamedIndividual
chloro	type	chloroalkane
chloroalkane	subClassOf	GroupsContainingHalogen
element	disjointWith	functionalGroup
ferrousMetals	subClassOf	metals
fluoro	hasBondType	single
fluoro	type	NamedIndividual
fluoro	type	fluoroalkane
fluoroalkane	subClassOf	GroupsContainingHalogen
halo	hasBondType	single
halo	type	NamedIndividual
halo	type	haloalkane
haloalkane	subClassOf	GroupsContainingHalogen
heavyRareEarthMetals	disjointWith	lightRareEarthMetals
heavyRareEarthMetals	subClassOf	rareEarthMetals
iodo	hasBondType	single
iodo	type	NamedIndividual
iodo	type	iodoalkane
iodoalkane	subClassOf	GroupsContainingHalogen
isPartOf	domain	element
isPartOf	range	functionalGroup
isPartOf	subPropertyOf	topObjectProperty
isPartOf	type	ObjectProperty
lanthanides	subClassOf	metals
lightRareEarthMetals	subClassOf	rareEarthMetals
metalloids	subClassOf	element
metals	subClassOf	element
nobleGasses	disjointWith	reactiveNonmetals
nobleGasses	subClassOf	nonmetals
nobleMetals	subClassOf	nonferrousMetals
nonferrousHeavyMetals	subClassOf	nonferrousMetals
nonferrousLightMetals	subClassOf	nonferrousMetals
nonferrousMetals	subClassOf	metals
nonmetals	subClassOf	element
platinumGroupMetals	subClassOf	nobleMetals
postTransitionMetals	subClassOf	metals
rareEarthMetals	subClassOf	rareMetals
rareLightMetal	subClassOf	rareMetals
rareMetals	subClassOf	nonferrousMetals
rareRadioactiveMetals	subClassOf	rareMetals
rareRefractoryMetals	subClassOf	rareMetals
rareScatteredMetals	subClassOf	rareMetals
reactiveNonmetals	subClassOf	nonmetals
topObjectProperty	domain	element
transitionMetals	subClassOf	metals
